,dmdtda
5398,-0.1181
4057,-0.192
5239,-0.1649
561,-0.4708
4988,-0.884
2520,-0.8586
2486,-0.9826
5336,-0.9356
5300,-0.4261
3586,-0.512
2456,-0.4452999999999999
188,-0.9377
648,-0.7111
421,-0.0299
3953,-0.7384
2897,-0.2344
2823,-0.6406
4058,-0.506
2383,-0.2233
6726,0.1502
3647,0.3694
1456,-1.1281
6467,-0.4669999999999999
813,-0.1732
3265,-0.3959
3693,0.0422
1878,-0.4770999999999999
5386,-2.1231
1243,-0.2657
5096,-0.8013
5966,-0.587
6289,-0.3319
1059,-0.1308
5585,-0.6538
5065,-0.1197999999999999
2466,-0.4469
2885,0.2093999999999999
158,-0.598
1934,-0.5248
84,-0.7083
14,-0.2347
1893,-0.6928
3146,-0.1878
1265,-0.0469
4238,0.2463
4951,-0.3058
1049,-0.9064
553,0.1135
2824,-0.007
1685,-0.0656
5971,-0.448
1362,0.3065
1632,-0.5038
4273,-0.4149
4145,-0.4919
4252,-0.5473
1324,-0.161
5674,-0.5338
2616,-1.3222
6317,-0.4770999999999999
2040,-0.6241
5399,0.359
302,-0.0213
4891,-0.5082
2726,-0.4587719762258563
904,-0.603
1078,-1.1796
5129,-0.3562499554234775
3629,-0.1535
6169,-0.9457
2822,-0.491
6724,-0.2617
2346,-0.3319
5690,-0.8446
2167,-0.383
2648,0.1342
4719,0.158
6204,-0.429
2436,-0.5191
1923,-0.6389
3021,0.1455
3956,-0.5581
5964,-0.559
290,-1.077
1570,-0.5841
4175,-0.0276
406,-0.2368999999999999
539,-0.3221
3765,0.0666
5409,-0.1132
5456,-1.1221
1378,-0.4892
2904,-0.5472
4418,-0.1226
337,-0.1646
6370,-0.625
4605,-0.5336
246,-0.9588
2664,0.0286
5219,-0.5556
5468,-0.3465
5332,-0.65
1200,-0.6286
895,-0.4431
5142,-0.3108
6393,-0.9559999999999998
547,-0.3236
1621,-0.5607
567,0.1495
5842,-1.0182
3510,0.0692
4049,-0.3707
499,0.1119
4621,-0.3229
4762,-0.6358
3836,-0.5001
1255,0.1602
1974,0.4358000000000001
4930,-0.0444
3725,-0.1428
152,-0.4511
6589,-0.0942
3536,-0.7319
2759,-0.2497999999999999
4750,-0.1998
5220,-0.1782
3116,0.3465
3552,-1.059
1676,0.0902
4292,-0.2294
4515,-0.4559
5714,-0.9846
2137,-0.4105999999999999
178,-0.8295999999999999
3477,-0.2656
4111,-0.736
1971,-0.8164999999999999
5768,-0.515
3414,-0.5476
357,-0.0281
1611,-0.5782
790,-0.7311
2239,-0.4732
1954,0.1797
5253,0.3796
1052,-0.5914
5427,-0.9017
1209,-0.6787
1943,-0.6742
6178,-0.4198
5928,-0.7966
6303,-0.4847
2127,-0.7466
494,-0.9126
5702,-0.5726
626,-0.6114
4854,-0.6505
3271,-0.4328
3760,-0.074
5329,-0.3562499554234775
6199,-0.3582
404,-0.5748
3109,-0.7213
3545,-0.7268
3270,-0.1876
3685,-1.0381
5669,-0.6947
2660,-0.2473
5251,-0.1811
3384,-0.2619
4808,0.3696
5646,-0.5234
1188,-0.9572
493,-0.1196
4172,-0.3025
2262,-0.7064
5185,-0.2962
668,-0.2858
2147,-0.181
296,-0.8435
5864,-0.3995
3870,-0.4232
6180,-0.6219
5214,-0.6654
2696,-0.9653
2244,-0.5934
2926,-0.135
3240,-0.356
1254,-0.1259
2409,-0.6064
5241,-0.1253
142,-0.5705
4327,-0.0515
1665,-0.0378
1390,-0.3858
5429,0.0728
4000,-0.5002
1577,0.1218999999999999
4448,-0.4721
1860,-0.789
5281,-0.5024
3269,-0.3043
3889,-0.2294
3028,0.1513
5263,-0.2994
6735,-1.1117
6658,-0.3564
5030,-0.6941
1965,0.062
759,-0.4902
2865,-0.4791
560,-0.5287
6306,-0.1279
4604,-0.0393
4387,-0.5372
1468,-0.4252000000000001
2982,-0.1259
4242,-0.2597
617,-0.0142
3124,0.0144
6007,-0.6998
2101,-0.6051
4162,-0.2485
2860,-0.267
2944,-0.4642
5983,-0.2945
3971,-1.1722
3930,-0.2311
1424,-0.3454
4889,-0.3535
4090,-0.2767
957,-0.1921
5033,0.214
4645,-0.0301999999999999
4527,-0.0752
5686,-0.4587719762258563
1978,-0.3541
2268,-0.4128999999999999
41,-0.836
2047,-0.0581
4218,-0.5193
4454,-0.6692
521,0.0739
5832,-0.4123
3459,-0.6441
3105,-0.603
6514,-0.1285
2547,-0.0693
592,-0.8802999999999999
5287,-0.5573
2674,-1.0084
6398,-0.2768
6033,0.0057
2061,-0.3399
2155,-0.7692
4917,-0.4227999999999999
4103,-0.473
5667,0.2736
687,-0.058
4809,0.4062
4690,-0.5015
669,-0.7158
3078,-0.5769
4234,-0.533
6637,-0.1914
3203,-0.1897
1920,0.2006
6079,0.3124
303,-0.2375999999999999
1760,-0.6475
2151,-0.4840999999999999
4962,-0.2128
5771,-0.3562499554234775
2076,-0.2474
995,-0.4726
721,-0.377
2669,-0.6392
3103,-0.6186
6534,-0.3172
6434,-0.6434
2187,-0.3523
6059,-0.0404
340,-0.457
2792,-0.7067
1323,0.5455
156,-0.0482
3579,-0.6866
4271,-0.6434
6503,-0.4057
3416,-0.5055
1689,-0.6059
1641,-0.3062
4905,-1.0119
1885,-0.8009999999999999
875,-0.8065
1716,-0.9059
6119,-0.6583
6622,-0.4383
5475,-0.0881
6583,0.1899
5490,-0.5568
6609,0.1149
1786,-0.6924
3568,-0.4919
2166,-0.6609
6343,-0.5912
6139,-0.2923
5860,-0.5931
922,-0.3211
1124,-1.0344
4102,-0.6183
6156,-0.0325
3404,-0.393
5932,-0.5168
4595,-0.1315
5175,-0.8423
6100,-0.9062
6829,0.5345
4410,0.0427
6296,-0.6431
3334,-0.574
3298,-0.3107
2629,-0.0957
5351,0.0824
3267,0.0274
4852,-0.42
4341,0.0815
2236,-0.5635
603,-0.0499
5159,-0.525
5072,-0.7608
4186,-0.6839
1025,-0.1541
1448,-1.5057
6522,-0.2613
4098,-0.2777
6302,-0.2338
197,-0.8728
2830,-0.1532
112,-0.3146
2404,-0.6757
3452,-0.2777
4123,-0.0802
1240,-0.2287
3522,-1.3167
345,-0.0044
3530,-0.5408
1270,-0.7045
917,-0.1187
2419,-0.314
953,0.0723
1069,-0.9517
4726,-0.1599
4969,-0.1136
1981,-0.3434
1712,0.001
941,-0.2389
2253,-0.2669
73,-0.5139
1841,-0.8309
3497,-0.0445
5868,-0.4404
6263,-0.0209
4579,-0.8307
1416,-0.4716
833,-0.1457
4236,-0.9351
622,-0.6006
1642,-0.2934
5996,-0.5645
3421,-0.1949
4484,-0.7664
468,-0.1398
1486,-0.4587719762258563
2096,-0.8785000000000001
3129,-0.3237
2476,-0.6888
4230,0.3068
1834,-0.6855
4009,-0.1927
64,-0.7392
3380,-1.1151
2113,-0.1202
4821,-0.9936
6661,0.2073999999999999
897,-0.8219
2276,-0.3474
6129,-0.7828
2437,-0.0551
4128,-0.4803
3707,-0.2495
5488,-0.8674
454,-0.5841
6459,-0.2859
1222,0.1313
5967,-0.6518
5179,-0.2063
4542,-0.0367
4267,-1.1003
3876,0.0657
2051,-0.2808
2398,-0.242
4178,0.1553
5454,-0.8454
2809,0.1318
3642,-0.0719
2227,-0.1436
2569,-0.0318
4235,-0.3626
3645,0.1101
3281,-0.5302
5383,-0.3519
3153,-0.3328
750,-0.7235
6445,-0.6948
3791,-0.2481
2415,-0.0558999999999999
286,-0.3871
2450,-0.0533
235,-0.353
17,-0.3424
4859,-0.075
1583,-0.2361
2065,-0.3092
1303,-0.1964
2600,-0.1336
3859,-0.4419
829,-0.1052999999999999
3072,-0.6457
1125,-0.0583
3594,-0.3932
1613,0.1008
3073,-0.4361
3291,-0.3378
6068,-0.3994
5060,-0.3414
2069,-0.183
6647,-0.1959
3919,-0.9360000000000002
6167,-0.6338
3086,-1.1106
150,-0.9642
3215,-0.1559
3988,-0.2473
4928,-0.4772
5152,-0.3789
5157,-1.3729
3389,0.0069
3762,0.5936
6042,-0.3136
5121,-0.3852
4790,-0.9808
6428,-0.1492
3378,-0.7835
1469,-0.7421
5661,-0.3562499554234775
5653,-1.2176
2335,-0.6537
3101,-0.5118
883,-0.4482
6719,-0.7615
5440,-0.557
1959,-0.299
3926,-0.534
714,-0.897
3366,-0.4823
403,-0.3018
6017,-0.3769
369,-0.8568
2089,-0.4545
6114,-0.8191
256,-0.442
253,-0.6349
5027,-0.3999
5774,-0.3096
1726,-0.6169
3565,-0.8923
5013,-0.578
6551,-0.2453
1872,-0.0788
1031,-0.4229999999999999
1208,-0.8612
5939,-0.5365
3567,0.0499
725,0.0251
1435,-0.3454
1476,-0.8522000000000001
691,-0.3064
5711,-0.3292
5347,-0.1959
6184,-0.6529
4883,-0.2678
2531,0.2921
5450,-1.3049
5836,-0.4842000000000001
3812,-0.5842
6516,-0.3233
6605,-0.0452
2874,0.508
3671,-0.8981
4161,0.058
1988,-0.1416
766,-0.7403
5873,-0.2985
2074,0.1538
6130,0.1039
886,-0.9511
1626,-0.3128
1086,-0.7814
1427,-0.3597
3085,-0.3607
5845,0.0226
3132,-0.5779
5391,-0.4335
4538,-0.2338
3115,-0.3828
6486,-0.6343
1792,-0.6181
1919,-1.0424
6367,-0.013
6756,0.1324
5259,-0.0285
5283,0.1413
3198,-0.3106
2770,-0.1915
3750,-0.3254
1144,-0.3537
4325,0.1641
3381,-0.1381
45,0.454
5698,-0.4885
5200,0.5948
2226,-0.8202
1463,-0.0852
1977,-0.6058
3656,0.0541
429,-0.8218
3834,-0.0766
1166,-0.145
3350,-0.5399
4984,-0.5207
431,-0.5647
6402,-0.5606
525,-0.9495
1167,-0.1289
328,-0.3159
747,0.2353
5502,-0.2162
186,-0.5308
2790,0.1086999999999999
1212,-1.2077
4105,0.0334
3099,0.1321
1992,-0.5407
6546,-0.0475
1779,-0.4211999999999999
3288,-0.9886
5209,-0.5056
438,-0.8282
6580,-0.6152
5528,-0.7597
5168,0.1691
1644,-0.2407
4698,-0.0317
1473,-0.3613
4279,-0.6255
3661,-0.6347
4429,-0.8882999999999999
1730,-0.7939
3367,0.2432
858,-0.3261
3659,-0.9661
2136,-0.6847
5803,-0.3562499554234775
5767,-1.2008
4777,0.0854
4281,-0.0346
5062,-0.4544
2134,-3.0829
3465,-0.0881
5414,-0.8041
4272,0.0613999999999999
2999,0.2454
1297,-0.1164
3576,-0.2436999999999999
1521,-0.0671
4137,-0.1313
6362,0.0264
130,-1.0818
5997,-0.5828
6225,-0.4317
5934,-0.7417
2971,-1.0789
6572,-1.2217
6469,-1.1259
2613,-0.391
4898,-0.5778
1647,-0.7449
4978,-1.3627
4125,-0.0312
5723,-0.0516
6623,-0.0299
6710,0.1233
6181,-0.5635
6532,-0.1265
1085,-0.2486
135,-0.4381
1066,-0.5751
660,-0.7134
3715,0.397
2668,-1.4468
5286,-0.2998
1889,-0.3562499554234775
3942,-0.3995
3220,-0.5906
4560,-0.1202
2714,-0.3046
4558,-0.0565
3783,-0.3591
918,-0.1646
279,-0.2266
5892,-0.638
4573,0.0212
3748,-0.0154
559,-0.4013
5950,-0.2314
2967,-0.7522
4747,-0.8141999999999999
868,-0.8006
1523,-0.0964
2352,-0.3666
2184,-0.4009999999999999
2589,0.096
11,-0.4313
6044,-0.4587719762258563
4709,-0.5367
1698,-0.0958
5617,-0.8439
686,-0.1015
1314,-0.7731
6246,-0.1306
916,-0.1781
4598,-0.3891
5694,-0.2827
773,-0.2328
654,-0.4741000000000001
5830,-0.6009
4362,-1.1325
4985,-0.668
4400,-0.2049
1627,-0.6402
2201,-0.8434000000000001
5594,-0.5223
2642,-0.923
4223,-0.1974
2195,0.0176
4730,0.062
4333,-0.3562499554234775
5338,-0.1904
6352,-0.4198
3673,-1.1153
5685,-0.7445
4872,-0.0741
6369,-0.8617000000000001
2745,0.044
2577,-1.2836
880,-1.3709
4444,-0.1558
1740,-0.6916
1653,-0.8916000000000001
5944,-0.7005
5900,-0.5428
2305,-0.428
2743,-0.3037
855,-0.3562499554234775
864,-0.73
1401,0.0426
532,-0.5728
5078,-1.2845
2361,-0.0493
3035,-0.1052999999999999
5201,-0.1432
6300,0.0873
5170,-0.4173
2528,-0.851
6242,-0.3664
4501,-0.5171
6105,-0.898
6642,-0.653
1947,-0.4328999999999999
2707,0.3842
811,-0.3339
1158,-0.0245
5650,-1.2266
4064,-0.269
5643,-0.5363
6186,-0.2907
2277,-0.5175
4433,-0.1735
5203,-0.2166
2142,-0.8727
3831,-0.324
3958,-0.2472
3840,-0.2917
6282,-0.0596999999999999
3697,-0.491
5554,-0.7624
510,-0.2025
124,-0.3209
6191,-0.724
4043,0.5459
5679,-0.4838
2847,-1.031
3323,-0.2508
925,-0.6108
3194,-0.77
4013,-0.0546999999999999
2708,-0.7228
439,-0.7923
4964,-1.1926
5574,-0.7677
6447,-0.9785
6413,-0.9037
4706,-0.5564
5083,0.1275
72,-0.59
6111,-0.9584
5238,-0.603
428,-0.4939999999999999
2414,-0.6645
2417,-0.3683
250,-1.117
4345,-0.3606
2906,-0.4587719762258563
528,-0.1576
1645,-0.2029
4881,-0.7218
2898,-0.5136
3055,-0.3044
5987,-0.2979
1193,-0.0987
320,-1.4621
3448,-0.2306
842,-0.4699999999999999
4751,-0.546
515,-0.5413
5158,-0.1625
4756,-0.319
2202,-0.8564
1168,-1.1819
1638,-0.0358
5604,-0.4587719762258563
1121,0.3156
4455,-0.3449
3635,0.2496
4217,-0.1082
6631,-0.7597
1522,-0.4995999999999999
6618,-0.4587719762258563
3672,-0.1873
5008,-0.5725
5770,-0.4587719762258563
183,-0.2306
1558,-0.5354
5697,0.3597
4498,-0.0213
3250,-0.6002
1310,-0.231
475,-0.7042
6730,-0.4587719762258563
2464,-0.6721
5583,-0.1024
6086,-0.4408
6201,-0.2574
3637,-0.0304
1487,-0.3562499554234775
2007,-0.133
1381,-0.0776
5191,-1.0192
5105,-1.1648
4310,-0.3709
705,-0.7554
4085,-0.3645
367,-1.0446
2638,-0.7276
1655,-0.3665
3607,-0.5873
2325,-0.0891
4547,-0.3978
5566,-0.4549
2279,-0.0024
485,-0.7256
3863,-0.866
3320,-0.1101
4720,-0.2872
368,-2.1223
6818,-0.2277
266,-0.9102
5848,-0.6681
4391,-0.3098
4403,-0.4543
1184,-0.5653
6798,0.3024
848,-0.45
2390,-0.0624
1964,-0.5679
1098,-0.5436
5274,-0.5505
6077,-0.3657
967,0.0697
2420,-0.2233
4991,0.0349
5499,-0.6041
5366,-0.5504
840,-0.7637
4623,0.1637
2938,-0.0033
2675,-0.6712
1257,-0.4474999999999999
6107,-1.4008
1450,-0.6693
666,-0.9309
6175,-0.386
5369,-0.5228
6356,-0.4041
1060,-0.6095
1612,-0.0281999999999999
1153,-1.0075
1850,-0.9898
5640,-0.8126
417,-0.5762
4197,0.0004
4027,-0.4801
179,-0.7472
2869,-0.1622
6563,-1.0031
4328,-0.5822
5266,-0.2779
226,-0.6669
5110,-1.1312
6420,0.2742
199,-0.4119
2048,-0.2294
5761,-0.048
6403,-0.3776
58,-0.5186
2637,-0.1717
3509,-0.4192999999999999
2921,-1.0221
5424,-0.4587719762258563
4275,-0.7618
5405,-0.5794
5312,-1.5315
3554,-0.615
5212,-0.4798999999999999
4660,-0.5336
4446,-0.4025
1902,-0.7407
624,-0.6652
4094,-0.6965
5375,-0.2826
4524,-0.9116
1761,-0.7334
2558,-0.9036
3373,-0.1882
3442,-0.0475
2006,-0.4997
3170,-0.4349999999999999
465,-0.4825
3774,-0.4223
4608,-0.7697
2453,-0.6838
2363,-0.5079
4464,-0.6092
4673,0.2490999999999999
5724,-0.4587719762258563
4364,-0.4236
327,0.0152
1733,-0.2607
2652,-0.5935
5933,-0.6829
5303,-0.124
1654,-0.7057
3606,-0.5925
5887,-0.0424
3759,-0.0186
2688,-0.7464
6482,-0.0083
106,0.0867
4662,-0.6037
2070,-0.1442
5278,-0.6862
1370,-0.56
3353,-0.1938
2902,-0.3149
141,-0.6243
4824,0.2361
4569,0.0991
1961,-0.5422
1599,-0.4046
2403,-0.354
4507,-0.5917
1929,-1.0217
4625,-0.2319
2090,-0.517
6316,-0.3276
2024,-0.7472
2807,-0.1342
3114,0.1985
3290,-0.7192
2116,-0.4804
3860,0.2848
586,-0.9012
6163,0.1524
2828,-0.1675
2748,-0.5877
490,-0.2947
2388,-0.7416
5437,-0.0986
1239,-1.1253
5182,-1.018
4794,-0.5706
2323,-0.4984
5291,-0.4277
4385,-0.769
2829,-0.1149
5458,-0.8483
1968,-0.3921
4401,-0.366
1356,-0.1885
5439,-0.298
4588,-0.2481
4675,0.2091
791,-0.0702
1151,-0.7219
6147,-0.5372
5777,-1.3
3208,-0.6811
6158,-0.9909
6219,-0.3442
5491,-0.4208
1756,-0.2819
2424,-0.6699
4771,-0.4139
1104,-1.1115
4819,-0.3371
2043,-0.1746
2851,-0.4189999999999999
3488,-1.4707
767,-0.0944
6813,-0.3952
3929,-1.0438
2521,0.4131999999999999
5485,-0.653
3733,-0.1641
1284,-0.0308
821,-0.6184
6440,-0.5583
1572,-1.3022
6196,-0.3442
4827,-0.569
3341,-0.6445
6153,-0.1092
2360,-0.4183
2881,-0.2558
3871,-0.0966
4736,-0.7524
5148,-0.6074
6480,-0.5818
5177,0.3551
2366,0.04
2081,0.0231
3627,-0.3868
5443,-0.5335
364,-0.5549
3947,-0.2324
5166,-0.4345
6361,-0.3453
5597,-0.6237
2794,0.0022
4411,-0.1886
4864,-0.9069
1804,-0.5642
3241,-0.5677
1548,-0.7659
5063,-0.2978
5044,-0.5118
6541,-0.0157
5905,-0.7758
1700,-0.7299
5130,-0.2315999999999999
1067,-0.7723
5624,-1.0405
500,-0.21
4656,-0.7936
1559,-0.8291999999999999
556,-0.8741
6084,-0.3424
1027,-1.003
335,-0.0051
6218,-0.2702
1005,-0.0551
2097,-0.7118
239,-0.3774
1831,0.1024
2852,-0.5683
3365,-0.1755
2709,-0.5874
1304,-0.1545
3469,0.0301
5461,-0.0797
5551,-0.9997
642,-0.659
5708,-1.2894
6700,0.0237
4843,-0.4264
1226,-0.5763
1547,-0.7451
414,-0.3455
5516,-0.6138
1925,-0.9899
5401,-0.1907
5867,-0.232
3597,-0.3562499554234775
2934,0.0511
937,0.0324
6157,-0.9673
6570,-0.867
6698,-0.4587719762258563
1857,-0.2366
6182,-0.5022
2895,-0.0665
2957,-0.5454
3289,-0.4984
3967,-0.8766999999999999
5909,-0.2841
1264,-0.2526
3095,-0.0561
6648,-0.0844
5985,-0.6149
4076,-0.6869
3479,0.0888
2249,-0.3089
5019,0.0445
5852,-1.3006
4201,-0.4271
5371,-0.3948
3886,-0.4032999999999999
2221,-0.3404
3829,-0.1086
2655,-0.3544
2631,-0.2931
2606,-0.4565
2402,-0.7598
3340,0.2466
736,-0.4185
6024,-0.4791999999999999
6539,-0.3552
4314,-0.5085
2426,-0.6663
4169,-0.1517
1797,-0.475
5728,-0.4587719762258563
509,-0.3711
4051,-0.1481
4627,-0.4004
170,-0.3988
1214,-0.7744
5018,-0.4903
3572,-0.5032
3981,-0.1171
5897,0.0439
297,-0.5562
6526,-1.1585
503,-0.2799
34,-0.8745
1462,-0.0033999999999999
3148,0.0059
2178,-0.706
3770,-0.2989
1895,-1.6945
4829,0.05
962,-0.8309999999999998
6556,-0.0509
5859,-0.2237
3280,-0.7096
3805,0.109
1408,-0.2367
187,-0.1922
6104,-0.5581
6567,-0.0563999999999999
1587,-0.5804
3927,-0.6475
4063,0.1147999999999999
3628,-0.1607
1482,-0.7416
4944,-0.8753
5348,-0.2604
2350,-0.3551
2053,-0.2172
6716,-0.562
4016,-0.6592
6320,-0.7888
4564,0.1848
4026,-0.6284
5465,-0.4185999999999999
6595,-0.054
6571,-1.1614
551,-0.3062
2308,-0.2912
4206,-0.4974999999999999
650,-0.0069
3692,-0.281
5297,-0.32
4778,-0.7076
3356,-1.061
3476,-0.6711
6807,-0.0242
1873,-0.001
5365,-0.7649
906,-0.1739
853,-0.469
857,-0.697
4663,0.4031
713,-0.3374
1958,-0.5585
3817,-0.2522
3950,-0.6623
3546,-0.8952
4021,-0.6844
2273,-0.7181
2858,-0.3602
6052,-0.2941
4702,0.012
4140,-0.5549
1008,-0.9556
5308,-1.0864
5773,-0.4612999999999999
1353,0.2153
5565,-0.6348
5995,-0.0964
237,-0.3972
2946,-0.0165
6387,-0.449
2900,-0.6982
2968,-1.0184
3234,-0.5832
103,-0.623
3646,-0.733
3256,-0.9958
6103,-1.3348
6586,1.2901
4912,-0.5217
4554,0.1583
4494,-0.4082
6461,-0.0347
204,-1.0027
6492,-0.7093
950,-1.2883
2835,-1.1332
6174,-0.6592
588,-0.6291
2102,-0.3196
1129,-0.4038
1149,-1.1161
2338,-0.4328
287,-1.1299
613,-0.3426
6746,0.3146
5337,0.3279
310,-0.9855
859,-0.0713
5230,0.4488
927,-0.0684
4309,-0.6125
3702,0.0361
3005,-0.0561
4225,-0.2071
4877,-0.0882
5350,0.0869
2530,-0.5243
1396,-0.2788
6155,0.1335
1159,-0.8400000000000001
752,-0.2704
1329,0.298
2922,-0.5168
512,-0.7588
5506,-0.1243
411,-0.3353
2355,-0.5578
3800,-0.3234
4213,-0.2476999999999999
6671,-0.1165
1658,-0.889
2385,-0.5253
1478,-0.7861
6254,-0.2515
4506,-0.4633999999999999
68,-0.1774
5785,-0.4122
788,-0.4577999999999999
4943,0.0426
4187,-0.6685
6146,-0.4126999999999999
1404,-0.6467
1880,-0.916
2284,-0.4676999999999999
2217,-0.1686
1094,-0.3812
2115,-0.3003
3851,-0.3466
4340,-1.1227
1757,-0.6224
5519,-0.7835
5730,-0.7894
1040,-0.7963
2634,-0.1016999999999999
971,-0.0715
1948,-0.9653
365,-0.5018
6748,-0.1864
1966,-0.2745
2207,-0.3869
2255,-0.3402
2056,-0.4175
1707,-0.3241
3905,-1.141
4787,0.4185
3468,-0.5339
3152,-0.5583
79,-0.3669
1811,-1.4568
684,-0.0689
3134,-0.0101
4215,-0.114
3574,-0.4981
5128,-0.4587719762258563
6790,-0.0047
1748,-0.6357
2892,-0.3421
4676,-0.1233
5445,-0.4969
6166,-0.3431
4473,-0.0312
1795,-0.0582
810,-0.6068
5814,-0.5779
5720,-0.4587719762258563
1065,-0.7661
5396,-1.1059
5232,-0.0152
1417,-0.2628
4256,-0.2663
3949,-0.9559
4867,-0.4483
1939,-0.1729
299,-0.6217
5559,-0.7412
4934,-0.1329
3376,-0.3796
2393,-0.2779
4546,-0.4253
640,-0.5828
573,-0.4156000000000001
5290,-0.3512
6165,0.0171
1440,-0.4439
5073,-0.31
690,-0.1336
2278,-0.2593
2920,-1.225
5509,-0.3021
5743,-0.6938
2026,-0.586
2015,-1.2073
5684,-0.2227999999999999
1111,0.4864
892,-0.2442
2754,-0.057
5571,-0.3691
5046,-0.629
541,0.036
4428,-1.0995
5634,-0.7506
4633,-0.1065
5075,-0.7178
3563,-0.6373
4797,-0.424
2428,-0.6146
105,-0.5407
5631,-1.0306
5806,-0.8541000000000001
2288,-0.5632
4568,0.137
4369,-0.0805
6540,-0.4474
5820,-0.7825
1339,0.0153
4452,-0.4546
1518,-0.413
4959,-0.5621
2012,-0.3864
4813,-0.2246
6248,-0.0856
2193,-0.2966
4492,-0.0806
2909,0.0225
1849,-0.8483
2717,-1.1729
6405,-1.3211
506,-0.2802
3329,-0.1551
5622,-0.2643
1771,-0.1428
2818,-0.1899
724,-1.1881
4729,0.0402
6173,-0.2826
856,-0.9046999999999998
3075,0.1572
6687,-0.3562499554234775
3144,-0.4828
4469,-0.5858
224,-0.1014
395,0.1706
5672,-0.2956
1492,-0.0493
5610,-0.492
5451,-0.6115
3119,-0.4644
1514,-0.3721
6038,-0.5518
5416,-0.5765
6446,-0.3392
4745,-0.3333
1807,-0.6767
4357,-0.8802999999999999
2868,0.1589
6603,-1.0311
908,-0.4485
6435,-0.5337
3588,-0.6364
2165,-0.5488
413,-0.3935
6458,0.2643
1659,-0.6246
55,-0.2701
749,-0.434
2000,-1.008
4718,-0.1676
1429,-0.8747
4198,-0.6652
0,-0.4587719762258563
376,-0.3662
4552,0.0226
4657,-0.1556
1536,-0.3278
949,0.0112
2050,-0.2258
1147,-0.4468
5040,-0.4168999999999999
2148,-0.4278
3689,-0.1337
4422,-0.6055
2364,-0.4833999999999999
5584,-0.8070999999999999
5563,-0.9186
2805,-0.5751
4904,0.1005
3158,-0.6422
3529,-0.3195
3180,-0.1436
363,-0.2
1127,-0.2484
4642,0.2301
5817,-0.2061
6236,-0.4199
729,-0.0798
2073,-0.0475
71,-0.3414
2526,-0.7023
5217,-0.8585
5204,-0.0535
3412,-0.2254999999999999
1722,0.0084
161,-0.8223
4606,-0.2538
4697,-0.4728
5459,-0.3475
65,-1.0293
3803,-0.1238999999999999
4082,-0.2318
6137,-0.4806
2540,-0.2936
378,-0.53
3676,-0.9207
5989,-0.3014
3665,-0.6081
3543,-0.1987
3333,-0.0481
2625,-0.1913
2215,-0.714
1182,-1.5929
5871,0.1549
5688,-0.9896
5641,-0.9035
1042,-0.9341000000000002
2782,0.1652
5262,-0.3883
6321,-0.6786
5988,-0.799
371,-0.4798999999999999
3562,-0.7316
4204,-0.4741000000000001
1541,-0.5912
5602,-0.6159
2120,-0.4222
5666,-0.6891
3300,-0.3368
2373,-0.5777
2639,-0.1932
4764,-0.3918
3429,0.0452
1146,-0.5209
2565,-0.4953
3128,-0.0286999999999999
1234,-0.1652
355,-0.1392
2141,0.0468
2685,-0.5448
5361,-0.4857
1028,-0.2904
3899,0.007
4549,-0.0116
122,0.3062
3531,-0.5508
3559,-0.7886
6416,-0.7083
2457,0.0342
3385,0.0383
3363,-0.1865
3941,-0.3053
3,-0.3562499554234775
3297,0.0247
5691,-1.0174
1651,0.0236
2663,-1.2631
803,-0.1668
6109,-0.7838
1999,-0.7537
5092,-1.1021
3924,-0.9479
3301,0.2955
5089,-0.0067999999999999
386,-0.0941
717,-0.6109
2908,-0.0687
5523,-0.5357
1068,-0.6171
6087,-1.2036
4025,-0.2157
2379,-0.4031
2928,-0.3944
2214,-0.5165
2776,-0.1051
2233,-0.2764
794,-0.3692
6360,0.312
6662,-0.1003
1266,0.11
816,-0.9399999999999998
4973,0.4189
2472,-0.0058
2993,0.0949
1844,0.0176
3687,-1.0181
4860,-0.2819
1192,-0.1292
2220,-0.9004
3122,-0.366
5415,-0.3362
1833,-0.2954
2738,-0.3689
5270,-0.5894
276,-0.4009999999999999
6226,-0.5128
4247,0.1463
3842,-0.1735
3747,-0.4532999999999999
6378,-0.4431999999999999
4004,-0.7878
4083,-0.3926
3312,-0.2977
5809,-0.4682
6408,-0.1106
3917,-0.4758
3874,0.0897
4664,0.0107
2970,-1.4764
3443,-0.3238
3943,-0.5302
3285,0.1498
5689,-0.8327
2123,-0.5789
3701,-0.0133
2571,-0.6852
1445,-0.2094999999999999
5704,-0.9296
1035,-0.8966
3264,0.6846
3316,-1.0766
2670,-0.9394
3666,-0.4587719762258563
2800,-0.4019
1195,-0.9708
3063,0.0246
731,-0.2912
6685,0.1144
497,-0.3686
6777,-0.7453
4249,-0.3562499554234775
2149,-0.7555
4876,-0.0482
5493,0.3328
711,0.4044
6193,-0.3561
4565,-0.0313
5313,-0.8263
4807,-1.3114
2314,-0.8642
3474,-0.3837
5155,-0.1042
3001,0.195
524,-0.3009
5812,-0.5757
4499,0.0098
2834,-0.3243
2321,-0.6343
641,-0.4431
6106,-0.8932
321,-0.8692
6063,-0.2463
4191,-0.1916
2078,-0.5555
6253,-0.6529
4923,-0.5033
4407,-0.4025
491,-0.4782
1837,-1.1336
4947,-0.9724
2986,-0.4650999999999999
4825,0.2253
2330,-0.7826
3852,-0.6661
5023,-0.3017
2337,-0.1313
6083,-0.491
1169,-0.4488
1319,-0.3352
1483,-0.8276
4732,-0.2683
1623,-0.4801
6751,-0.8999
2252,-0.4896
1822,-1.2758
12,-0.1623
2585,-0.9899
712,-0.3353
5876,-0.3757
3017,-0.6573
6723,-0.6038
4868,-0.6787
151,-0.4413999999999999
1749,-0.6621
4396,-0.5141
298,-0.4581
4584,-0.2751
5855,-0.6672
146,-0.8049
4099,-0.0693
5225,-0.3562499554234775
1608,-0.572
463,-0.0263
1823,-0.8905999999999998
6065,-0.2131
2955,0.0855
3441,-0.3744
4189,-0.2079
3243,-0.2031
6573,0.0096
3471,-1.014
4361,-0.1705
645,-0.347
2894,-0.1427
1603,0.0098
2555,0.1356
2351,-0.3254
6663,-0.2002
2205,-0.0765
4069,-0.4829
4603,-0.0149
2733,-0.6106
6089,-0.9952
275,-0.0445
1123,-0.4928
5464,-0.6409
6148,-0.249
3996,-0.1869
1458,-0.3104
77,-0.8725000000000002
4937,-0.9768
4126,-0.6567
2092,-0.4538
1750,-0.6504
2376,-0.3646
4596,-0.0725
5108,-0.7437
4342,-0.3044
4500,-0.2036
548,-0.6789
5328,-0.4587719762258563
1554,-0.8400000000000001
4003,-0.3915
138,-0.2639
4649,0.0481
4710,-0.3905
4814,-0.2036
3855,-0.1237
4176,-0.6842
4122,-0.738
1012,-0.5688
3755,-1.0986
4313,-0.5744
5314,-0.7057
6245,-0.4866
744,-0.5503
3428,-0.1491
582,-0.2621
4671,-0.0809
4601,0.1275
5833,-0.2636
600,-0.6767
3977,-0.4389999999999999
4637,-0.0936
884,-0.5013
4031,-0.227
6524,0.0093
6187,-0.4444
2067,-0.5407
6094,-0.0521
2724,-0.8771000000000001
5476,-0.5477
3786,-0.05
3307,-0.5199
4376,-0.5458
2506,-0.8027
5387,-0.2839
4348,-1.0372
5895,-0.3875
5681,-0.5219
1061,-0.7657
44,-0.5157
483,-0.0291
3621,-0.3245
1528,-0.2212
3088,0.1372
1171,-0.2187
1682,-0.3753
952,-1.0547
5766,-0.2211
5258,-0.0882
281,-0.4099
3196,-0.3819
6477,0.0116
3200,-0.3868
3902,-0.4905
1729,-0.0815
2072,-0.0064
6576,-0.1609
2283,-0.4692
823,0.4911
1678,-0.5532
4577,-0.1559
6374,-0.0616
523,-0.3629
5849,0.1143
5352,-1.2695
5269,-0.4223
738,-0.4587719762258563
2099,-0.3562499554234775
6414,-0.7568
6136,-1.0322
5587,-0.4775999999999999
6810,-0.1922
3149,-0.1269
4520,0.0124
3495,0.0061
5392,-1.0236
53,-0.4243
2347,-0.5223
4839,-0.4122
2554,-0.1983
3328,0.1282
2013,-1.1512
3033,-0.1967
3360,-0.557
4177,-0.8583999999999999
3644,0.1179
2690,-0.7343
3076,-0.242
3575,-0.6584
964,-0.9083
1157,-0.3736
3526,-0.3505
5482,-0.2459
2756,-0.9559
6384,-0.4513
2197,-0.0296
3896,-0.2082
1922,-0.1036999999999999
6644,0.0756
3490,-0.3123
6803,-0.728
2109,-0.6408
2839,-0.4404
4707,0.1698
1235,-0.03
2855,0.0089
163,0.3045
6738,-0.5017
6577,0.2454
2287,-0.3645
2103,-0.6928
817,-1.0662
3571,-0.7753
6656,-0.2318
4354,-0.7885
3779,-0.1026999999999999
5471,-0.0012
5637,0.0973
1092,-0.7221
4975,-0.056
5057,0.0259
1180,-0.5758
4699,-0.0091
5463,-0.2608
4319,-0.9025
1517,0.2782
4994,-0.6392
6504,-0.4587719762258563
4088,-0.0493
4127,0.2016
4907,-0.2554
4061,-0.4958999999999999
1090,-0.6081
1177,-0.7123
5109,-0.9711
1808,-0.4013999999999999
97,-0.2765
2725,-1.159
959,-0.1891
4317,-0.4708
746,-0.3769
4987,-0.3562499554234775
2021,-0.639
3677,-0.8459999999999999
3295,-0.3538
5620,-0.5999
4759,-0.4730999999999999
5744,-0.4461
4532,-0.2192
4644,-0.4728
3438,-0.702
3954,-0.2462
6080,-0.0706
2541,0.2518
3519,-0.3819
1594,-0.3865
70,-0.1
166,-0.8286
2844,-0.372
3634,-0.4286999999999999
614,-0.584
2411,0.2564
782,-0.4351999999999999
6207,-0.696
240,-0.8844
6309,-0.3131
3248,-0.5379
1791,-0.8076000000000001
986,0.2797
1380,-0.0298
743,-0.0942
3049,-0.0271
2627,-0.4416
898,-0.8388
5844,-0.5406
1109,-0.611
2080,-0.4019
3339,-0.1902
6057,-0.0501
5213,-0.2737
2367,-0.1053999999999999
5134,-0.9429
5006,-0.6392
4879,-0.0707
377,-0.4854999999999999
5943,-0.7149
4475,-0.0462
6135,-0.5248
1107,-0.7665
984,-0.9815000000000002
4571,-0.098
3614,-0.8732
4138,-0.6062
1933,-0.8017
6753,-0.6628
2131,-0.8613
3771,-0.1241
741,0.0511
2671,-0.6932
6490,-0.4587719762258563
5377,-0.2905
3544,-0.8240999999999999
4938,-0.4680000000000001
5896,-0.2361
6646,-0.0884
2975,-0.5093
1447,-1.861
3369,0.0896
2924,0.1474
3712,-0.2907
6614,-0.1608
4295,-0.5423
3314,-0.3728
758,-0.7936
2701,-0.7987
6569,-0.6496
1071,-0.5603
6131,-0.2886
2444,-0.8240000000000001
3433,0.1913
611,-0.3036
670,-1.0095
6762,-0.4501
3626,-0.5003
4861,-1.2061
1398,-0.2708
5979,-0.552
69,-0.0246
2238,-0.6158
116,-0.1796
3000,-0.0189
1674,-0.4427
6705,-0.1881
6396,-0.6029
3224,-0.5461
5749,-0.2125
6749,-0.6032
4866,-0.2218
1413,-0.6775
2765,0.0671
1989,-1.2461
2211,-0.312
3820,0.0489
5187,-1.0162
3418,-0.4724
2919,-0.2673
4613,0.0648
5703,-1.2569
2599,-0.2159
4276,-0.2691
988,-0.4505
3999,-0.2681
4259,-0.3898
6519,-0.0345
1598,-0.4201
5042,-1.1076
5410,-1.7387
241,-0.7255
6632,-0.5616
6448,-0.4587719762258563
763,-0.6637
3031,-0.051
1223,-0.2015
4725,-0.1087999999999999
3242,0.2636
496,-0.1837
4578,-1.036
5914,-0.3895
2029,-0.9694
5695,-0.5998
6091,-0.58
2107,-0.4114
1412,-0.4652999999999999
6625,-0.7087
1250,-0.0903
5863,-0.1104
277,-0.9506
164,-0.6904
3611,-0.2032999999999999
4804,-0.1276
1556,-1.4243
2760,-0.0177
5536,-0.3938
1437,0.0227
2010,-0.8520999999999999
1360,-0.0425
5801,-1.3218
5318,-0.383
540,-0.1449
5560,-0.3677
3190,-0.2955
2918,-0.0179
229,-0.4234999999999999
3650,-0.4680000000000001
2722,-1.0081
2341,-0.0449
3046,-0.5966
6800,-0.0486
6643,-0.6302
4244,-0.6632
1962,-0.5784
4170,-0.4269999999999999
2875,-0.1223
343,-0.0457
6695,0.0178
2979,-0.9217
563,0.1082
4265,-0.1042
4548,-0.0188
637,0.0963
2863,0.2655
2645,-0.007
920,-0.2229
3260,-0.6618
3724,-0.1894
1776,-0.7
4695,0.1124
1373,-0.2406
1508,-0.3005
5527,-0.6797
4576,-0.1194999999999999
3745,-0.3272
2732,-0.7912
307,-0.6438
2182,-0.6384
5644,-0.9396
5800,-0.7342
3722,0.0179
1894,-0.0347
3698,-0.3865
5038,-0.163
3857,0.1046999999999999
5625,-0.1633
3970,-0.6713
5385,-0.6097
441,-0.5685
26,-0.3811
4594,0.3809
6025,-0.2068
4134,-0.1429
944,-0.0572
332,0.0129
317,-1.0555
3475,-0.5651
78,-0.7367
3235,-0.2258
1755,-0.6058
5525,-1.1902
4,-0.4587719762258563
5296,-0.9109
4318,-0.8309999999999998
5257,-0.1449
3964,-0.5662
4665,-0.136
6407,-0.0014
1479,-0.7088
1875,-0.9125
3279,-0.1377
5299,-0.6749
6737,-0.6778
3518,-0.5743
4430,-0.5499
5382,-0.6614
6690,-1.4152
6151,0.1435
1575,-0.1546
198,-0.7864
1037,-0.0152
2969,-1.0369
2966,-0.4044999999999999
2386,-0.3211
5036,0.0526999999999999
6255,-0.4444
3888,-0.5856
3064,-0.3716
1904,-0.4965
5522,-0.4011
4847,0.0398
5103,-0.5542
5137,-0.9898
6026,-0.5425
2512,0.1353
1664,-0.0091
2027,-0.7431
2290,-0.3711
1432,-0.4587719762258563
764,-0.9806
4264,-0.177
4001,-0.3819
5154,0.0365
2995,-0.2302
4257,0.2316999999999999
2799,-0.0168
5384,-0.9287
6780,-0.4836999999999999
4871,-1.1086
3173,-0.2811
3071,-0.0196
1767,-0.7835
4953,-0.0779
3413,0.1032999999999999
5955,-0.1623
2525,-0.2032
1963,-0.6004
739,-0.3562499554234775
1759,-0.3717
4570,-0.381
452,-0.5815
3231,0.1259
2459,-0.5766
3364,-0.3222
435,-0.4322
4346,-0.4729
4019,-0.1724
6324,-0.3335
2231,0.1481
5178,-0.7106
127,-0.1482
4298,-0.4665
1680,-0.452
3651,-0.7828
978,-0.5398
5732,-0.019
2755,-0.4852999999999999
2336,-0.4271
5699,-0.7561
5916,-0.3023
4436,-0.7841
2880,-0.6173
260,-0.4739
93,-0.3399
5473,-0.296
1624,-0.0213
3252,-0.6691
1610,-0.6834
4602,-0.2362
1908,-0.5779
3962,-0.7958
5355,0.2625
6235,0.0851
5533,-0.3946
4620,0.0653
2422,-0.5338
5341,-0.6112
4521,-0.2791
1635,-0.3982
1347,0.4328999999999999
6824,-0.616
4232,-0.2555
4458,-0.5416
6825,0.0067
1670,-0.8615
2377,-0.4634999999999999
5568,-0.448
2617,0.3783
3911,-1.0841
4439,-0.0521
3985,-0.0311
3512,-0.6494
1931,-0.554
3336,-0.5465
1661,0.0072
2371,-1.2537
2917,-0.2852
3608,-0.8253999999999999
2579,-0.1639
3879,0.0432
3259,-0.3238
2882,0.3161
6032,-0.2989
4157,0.0331
2798,-0.0363
2281,-0.6476
80,0.2193999999999999
3740,-0.2204
359,0.0563999999999999
4071,-0.3605
6342,-0.3262
6613,0.4607
6209,-0.5886
5922,-1.0075
2673,-0.1308
6108,-0.4195
5879,-0.8631
301,-0.5993
4749,-0.5301
1344,-0.1619
2152,-0.8272
2854,-0.1921
6304,-0.7766
2736,-0.2344
3034,0.2634
3293,-0.6193
6745,-0.6962
3402,-0.5292
6194,-0.5288
5990,-0.7431
4050,-0.5407
6283,-0.244
5518,-0.4925
708,-0.314
1316,-0.2627
1987,-0.4131
2128,-0.5883
5064,0.0505
5578,-0.6408
4648,-0.134
960,-0.2044
3739,0.2817
1337,-0.1981
2168,-0.0897
1064,-1.1275
3648,-0.4587719762258563
3246,-0.0743
5709,-0.7684
6054,-0.4577999999999999
6512,-0.1227
5545,-0.4861
5292,-0.2617
535,-0.2617
6149,-0.3774
2948,-0.3552
3936,-0.7142
2160,-0.7186
5736,-1.427
735,-0.6515
5190,-0.8069
5981,-0.2094999999999999
1351,0.4487
2720,-0.7228
5656,-0.1205
688,-0.3335
60,-1.464
4040,-1.3636
5818,-0.5213
133,-0.154
6012,-0.8911
2510,-0.4253
3507,-0.0342
6665,-0.509
893,-0.7468
3882,-0.6546
5776,-0.8888
1433,-0.3562499554234775
4979,-0.2295999999999999
3819,-0.3965
6547,0.1346
2620,-0.4242
90,-0.7369
121,-0.0603999999999999
4617,0.1826
2861,-0.5886
6758,-0.1276
322,-0.5219
3130,-0.4469
5911,-0.22
3449,-0.3033
3796,0.1252
834,-0.4779
3456,-0.2721
1325,0.31
1260,-0.3932
1713,-0.2199
1829,0.2164
3166,-0.0369
5452,-0.6188
1140,-0.4325
3425,-0.2197
6418,-0.7149
4590,-0.5019
3566,-0.0779
1434,-0.609
5790,-0.2134999999999999
2094,-0.5371
5325,0.4742
6670,-0.6005
649,-0.1208999999999999
4330,-0.4050000000000001
1515,0.0368
4607,-0.1944
1724,-0.3745
1888,-0.4587719762258563
3030,-0.3086
4563,-0.0314
1386,-0.5304
5423,-0.2777
2846,-0.7306
5673,-0.2963
4976,0.1838
3931,-0.9092
1835,-0.5289
4491,0.2852
4497,-0.3492
3395,0.0883
4463,-0.7597
784,-0.2611
5804,0.0062
6476,-0.2624
4758,-1.0004
5330,-0.6101
4900,-0.223
1646,-0.7351
3168,0.295
3372,-0.5146
4315,-0.5955
598,-0.6958
466,-0.3926
1794,-0.5587
3233,-0.0276
2423,-0.3413
4783,-0.4793
6200,-0.6829
3397,0.0862
5808,-0.4325
3052,-0.4184
3236,-0.514
1551,-0.9518
6529,-0.6789
5210,-0.6388
2406,-0.4535
261,-0.4128
118,-0.2711
1697,-0.5665
75,-0.3649
1334,-0.0955
4674,-0.0767
5085,-1.2487
2154,-0.8993
211,-0.9255
568,-0.3681
6023,-0.3562499554234775
3883,-0.4076000000000001
6430,-0.1967
6335,-0.6554
2082,-0.9379
3053,0.3181
372,-1.1346
6056,-0.6185
861,-0.2302
2322,-0.368
4884,-0.2771
4837,-0.5351
3193,-0.3903
5462,-0.749
2961,-0.0788
2529,0.0944
1026,-1.1232
6742,-0.2869
2122,-0.5098
680,0.1265
1588,-0.2557
3556,-0.7377
610,-0.2234999999999999
6222,-0.1508
3583,-1.6042
2566,-0.2421
1306,-0.6782
5167,-0.8336
6679,-0.0988
4220,-0.3474
3909,-1.1697
74,-0.7553
3136,-0.5745
498,-0.0625
3655,-0.9332
890,-0.9645
4268,-0.7951
1274,-0.4947
5323,-0.6394
658,-0.6667
2751,-0.0211
6640,-0.5564
4365,0.1207999999999999
1368,-0.0154
4688,-0.0641
4531,0.1942
574,-0.2396999999999999
1796,-0.7584
3904,-1.3419
1367,-0.0763
1720,-0.246
3306,-0.6714
6783,0.0651
6230,-0.3793
1141,-0.2298
4999,-0.6044
4308,-0.6233
6725,-0.2694
3047,-0.1815
1526,-0.3966
6247,-0.1859
4888,-0.4326
969,-0.2313
2734,0.1685
5839,-0.8865000000000001
3869,-0.1431
3016,-0.1799
657,-0.1956
4462,-0.5345
5221,0.0957
2929,0.0822
3466,-0.2539
2710,-1.0372
3313,-0.3702
5763,-0.0811
5135,-0.7821
2489,-0.8718
5010,-1.088
4421,-0.4524
4920,-0.612
2153,-0.2802
6160,0.181
3578,-0.4431999999999999
5885,-0.1633
1132,0.0568999999999999
3564,-0.8328
1983,-0.6635
6633,-0.7208
5827,0.4219
1101,-0.9356
1537,-0.4393000000000001
5721,-0.3562499554234775
2060,-0.3657
3431,-0.6013
4158,-0.1026
6481,-0.5029
5247,0.2924
3092,-0.8916000000000001
6144,0.0294
6562,-0.5322
6310,-0.0218
2495,-1.1593
1460,0.2592
5889,-1.0839
2942,-0.4061
450,-0.611
1501,-0.2495
4680,-0.2894
2947,-0.1433
876,-0.7446
1688,-0.1814
4066,-0.1308
98,-0.4836999999999999
329,0.1318
6176,-0.3901
6496,0.0258
1803,-0.1597
1258,-0.4686
2316,-0.0763
360,0.0071
3399,-0.0737
1268,-0.3756
2079,-0.5861
6404,-0.866
5012,-0.6897
1555,-0.4786
2562,-0.123
808,-0.4569
2651,-0.1939
5444,-0.8591999999999999
1899,-0.2291
1998,-0.5698
3548,-0.7557
6649,-0.1983
5237,-0.2502
3541,-0.7959
4957,-0.1594
3500,-0.4168999999999999
4781,0.2454
5925,-1.1674
5235,-0.0392
2840,-0.7474
2309,-0.5891
3179,-0.4951
3025,-0.2429
6828,-0.5718
5088,0.1443
696,-0.1213
1161,-0.4646
6162,0.3325
2493,-0.5792
942,-0.1119
6340,-1.0428
2573,-0.6117
1568,-0.8314
1399,0.0923
2656,-1.1134
3087,-0.3781
555,-0.2649
5470,-0.2419
5837,-0.0862
6154,0.0556999999999999
4910,-0.8223
785,-0.0347
1095,-0.6569
2867,0.032
4468,-0.4998
5850,-0.4469999999999999
5067,-0.3404
915,-0.7752
397,-0.5242
6259,0.0115
5874,-0.7781
5080,-0.8097999999999999
1533,-0.4471
1054,-0.1356
3282,-0.698
4211,-0.867
843,-0.0375
961,-0.2786
81,-0.2842
4989,0.0033999999999999
457,-0.1538
5613,-0.3797
4485,0.0226
4112,1.1914
3592,-0.1681
6256,-0.2594
1491,-0.2791
2475,-0.4133
757,-0.0932
4072,-0.1056
3944,-0.0907
4278,-0.3755
5654,-1.0121
5648,-1.1914
3951,-0.1596
1887,-0.5892
6331,-0.8644999999999999
1178,-1.0182
3818,-0.6467
948,-0.6505
3841,0.0533
3010,-0.5795
1091,-0.0741
3450,-0.9858
5956,-0.4888
5779,-0.3465
6651,-0.3325
3560,-0.7385
242,-0.9476
4453,0.3906
5079,-0.16
3816,-0.4926
2612,0.0566999999999999
572,-0.3004
2432,-1.0007
4523,-0.373
4143,0.1761
4414,0.0231
799,-0.1363
325,-0.0785
3084,-0.6257
5421,-0.1553
5376,-0.2518
4192,-0.1764
5541,-0.306
869,-0.9425
2001,0.1056
6281,0.0551
3342,-0.1176
1388,-0.5939
4210,-0.1769
1252,-0.5621
4704,-0.9349
6769,0.0181
2700,-1.1711
2429,-0.6691
4822,-0.5403
4684,0.1679
5926,-0.647
2560,-0.2519
4844,-0.4504
2507,-0.3994
3807,-1.1688
6823,-1.0286
4996,-0.9928
1088,-0.5074
1840,-0.2991
3907,-0.1788
5607,-0.4495
1393,-0.3034
4701,0.1808
4106,-0.0326
2658,-0.3413
4924,-0.3436
383,-0.0157
1563,-0.3665
6195,-0.4647
6463,-0.4899
2879,-0.0982
2359,-0.3048
1494,-1.2338
5353,-0.7802
313,-0.4695999999999999
2171,-0.8787
3887,0.074
4587,-0.1202
520,-0.117
2068,-0.234
394,-0.5229
3272,-0.8646
6397,-1.0642
4269,-0.0612
912,-0.5413
530,0.056
6227,-0.4269
3925,-1.3123
3283,-0.8469
6715,-0.199
205,-0.533
5586,-0.9741
39,-0.1267
2468,-1.0108
3764,-0.2457999999999999
2292,-0.8269
2087,-0.1072999999999999
1790,-0.6532
2593,-0.3023
6720,-0.7375
4329,-0.1386
2813,0.0499
28,-0.7252
6672,-0.1669
4752,-0.6319
2988,-0.1676
5972,-1.3946
3480,-0.3551
1119,-0.755
5021,-0.4241
234,-0.5206
4502,-0.8003
2412,-0.0757
113,-0.8196999999999999
517,-0.6487
4338,-0.9299
5487,-0.5348
5049,-0.6751
5936,-0.4123
1828,-0.1401
2654,-0.5211
4457,-0.1718
2607,-0.3151
2753,-0.1113999999999999
1960,-0.2682
3104,-0.6719
5755,-0.1311
5447,-0.3589
2684,-1.2058
1852,0.152
2996,0.0851
1544,-0.4107
4241,-0.3548
3354,-0.2483
1247,-0.1545
3440,-0.4729
4250,-0.2986
2208,-0.4673999999999999
2248,-0.6114
2796,-0.1078
2747,0.0774
5478,-0.7473
6801,-0.5664
6271,-1.1369
157,-0.3301
4836,-0.3088
3189,-0.2679
1407,-0.1075
3663,-0.8006
5003,0.7566
4668,0.1173999999999999
6421,-0.5124
1696,-0.1084
4659,-0.0117
4390,-0.1745
3963,-0.8924999999999998
6143,-0.7216
2766,-0.8291000000000001
3837,-0.1133
5176,0.0556
737,0.131
3763,-0.1842
4968,-0.5787
5912,-0.4744
3801,-0.1223
2810,-0.0373
2119,-0.2427
4792,-0.548
5619,-0.4537
6241,-0.624
176,-0.8438000000000001
2598,-0.06
4343,0.1672
1443,-0.7126
5883,-0.689
10,-0.8070999999999999
770,-0.6892
3845,-0.1777
1009,-0.4615
1084,-0.3336
5961,-0.0714
6208,-0.1656
2162,-0.54
5676,-0.7245
5265,-0.2171
1557,-1.0188
5058,-0.3568
2827,-0.883
4722,-0.1993
2470,-0.571
4496,-0.1143
1690,-0.4479
4631,-0.1936
3998,-0.6596
4811,-0.9738
6733,-0.3715
2036,-0.3933
4724,-0.5839
815,-0.9581
6729,-0.1222
1955,-0.7619
4212,-0.9147
3880,0.1917
2172,-0.382
2465,0.0763
3696,0.0209
5026,-0.2261
1163,-0.2636
675,-0.0119
2563,0.1852
1281,0.0133
1734,0.1508
1087,-0.5161
1660,-0.1933
4047,-0.6376
6319,-0.1284
518,-0.4124
5677,-0.9397
3100,-0.7115
366,-1.0337
5783,0.5641
5139,-0.2016
4219,0.2577
6075,-0.383
1210,0.3499
587,-0.7624
3415,-0.0792
4652,-0.0072999999999999
174,-0.7812
3528,-0.3893
381,-0.6459
6660,-0.1472
651,-0.3064
6634,0.172
2849,-0.2724
6318,-0.8518000000000001
6332,-0.592
928,-0.1165
5843,-0.8162
192,-0.381
5015,-0.1782
2774,0.0118
1485,-0.2567
1639,-0.3767
6607,-0.1258
3945,-0.4546
1415,-0.676
128,-0.5961
6468,1.3717
4712,-0.628
4945,-0.5504
3913,-1.0938
1926,-0.4298
2038,-0.2638
2296,-0.2497999999999999
5562,-0.1238
6203,-0.4236
4733,0.09
4694,-0.3542
3214,-0.3755
5906,-0.3625
2574,-0.5145
4540,-0.4789
5726,-0.3496
3717,-0.3763
3299,-0.4232
1251,-0.5745
5791,-0.2252
4963,-0.3572
4024,-0.5837
4609,-0.5478
4067,-0.6345
2250,-0.592
136,0.4947
4572,-0.1967
1957,-0.3691
3391,-0.0648
4203,-0.6617
338,-0.3587
5327,-0.8054
1946,-0.5798
1571,-0.2455
6307,-0.7494
3721,-0.1794
4641,0.1682
2083,-0.516
5591,-0.5009
2933,-0.2855
2368,-0.8194000000000001
2633,0.1377
3690,-0.2025999999999999
4767,-0.9425
5082,-0.2431
1126,-0.1984
4460,-0.1189
4965,-1.2349
5520,-0.5289
1282,-0.1532
2011,-0.4114
2481,-1.0026
597,-0.0645
6049,0.058
4653,-0.039
1170,-0.4858
3561,-0.6174
4167,-0.09
6376,-0.7791
4008,0.4936
5659,-1.5617
4880,-0.6547
6353,-0.5746
3711,-0.3341
3521,-0.1652
542,-0.0847
238,-0.7097
6709,0.3001
2987,0.635
5169,-0.836
4728,-0.0506
5342,-0.4434
1299,-0.1121
1114,-0.0824
3462,-0.2136
2181,-0.1532
412,-0.6374
3287,-0.495
6274,-1.3413
32,-0.3188
5301,-0.1143
2084,-0.7599
4658,-0.2707
2173,-0.0455
4995,-1.2471
5532,-0.6685
6262,-0.5316
480,-0.5466
4320,-0.2054999999999999
3790,-0.2701
4689,-0.0897
2192,-0.6197
3920,-0.758
5053,-0.3307
6373,-0.4061
1764,-0.2868
2488,-0.8306000000000001
4022,-1.3069
1051,-0.1796
1465,0.2817
1820,-0.1863
2129,-0.4932
5047,-0.1643
4284,-0.3514
5747,-0.8383
4384,-1.1095
1436,0.3147
939,-0.2516
4120,0.1833
4525,-0.6335
139,-0.2367
6602,-1.1584
1691,-0.0576999999999999
4181,-0.8404
1705,0.114
86,-0.6835
1305,0.5537
5161,-0.434
1050,-0.4168999999999999
2229,-0.1115
6102,-1.4236
487,-0.2633
4742,-0.3871
4708,-0.7698
5588,-0.9971
1383,-0.3556
223,-0.0798
3591,-0.6647
2711,-0.4718999999999999
1237,-0.1868
5202,-0.0281999999999999
1484,-0.8408999999999999
3729,0.0691
1673,-0.4333
3898,-0.4704
4042,-0.0918
659,-0.6603
3618,-0.1602
2265,-0.4206999999999999
2046,-0.3043
4092,0.1472
6355,-0.7899
4367,-0.9263
4301,-0.2663
716,-0.2626
5592,-0.6127
1148,-0.3155
3679,-0.127
1201,0.1941
1672,-0.4565
6381,0.5466
1278,-0.7722
3070,-0.038
5649,-1.0793
4470,-0.3384
6266,-0.3613
4490,-0.4134
3885,0.2531
3555,-0.573
1909,-0.9955
4971,-0.1264
6550,-0.1739
5576,-0.6817
214,-0.001
1366,-0.2871
30,-0.4241
5612,-1.182
5615,-0.16
2085,-0.2911
5786,-0.2915
583,-0.4989
4146,-0.6905
1742,-0.6324
901,-0.4577999999999999
1145,-0.5424
109,-0.4543
245,-0.214
1585,-0.0492
3784,-0.3574
5639,-0.765
2375,-0.5313
4449,-0.0467
6763,-0.0339
4933,0.2681
5076,-2.2926
6217,-0.3385
5054,-0.0417
2349,-0.1485
570,-0.7873
6096,-1.0259
5920,-0.502
1597,-0.1534
3358,-0.5176
3330,-1.0432
1737,-1.1783
913,0.1923
4121,-0.3789
3534,-0.5101
5153,-0.6195
3624,-0.2644
3461,-0.4649
2939,0.0829
1858,-0.6067
3737,-0.0391
358,-0.3127
5357,0.1583
4260,-0.7373
6443,-0.5965
4514,-0.3327
4185,-0.0431
449,-0.932
3969,-0.1106999999999999
2088,-1.0382
2886,-0.1039
5446,-0.5859
1057,-1.5575
5252,-0.2174999999999999
1453,-0.5867
5739,-0.8382
2482,-0.3809
5572,-0.56
6145,-0.1247
2224,-0.1739
630,-0.7776
1439,-1.1024
23,0.0426
35,0.0939
2632,-1.1073
550,-0.6716
6697,-1.0164
2095,-0.0874
6330,-0.9401
3284,-0.3323
5927,-1.1493
21,-0.3754
5513,-0.6054
6277,-0.5153
2661,-0.0907
1938,0.2813
4865,-0.1894
3304,-0.9457
6278,-0.0458
6555,0.0543
3352,-0.6238
832,-0.2244
2418,0.0087
2694,-0.7574
2676,-0.7932
2626,-1.1716
6150,-0.0159
5406,-0.9264
6095,-0.2389
6426,-0.4521
5435,-0.6586
6814,-0.0964
902,-0.6622
1130,-0.3595
5087,-1.2966
4650,-0.3988
5543,-0.8365
6206,-0.4218
5929,-0.9349
6755,-0.5837
838,-0.1105
3892,-0.4534000000000001
120,-0.2602
1970,-0.8797
5508,-0.125
2005,-0.5524
4476,-0.2855
844,-0.28
1207,-0.3662
3694,-0.1927
2758,-0.2591
3674,0.0256
2871,-0.1457
2628,-0.1474
5413,-0.4755
2990,0.0722
181,-0.6308
295,-0.4604
6533,-0.5022
6788,-0.2085
1845,0.495
1662,-0.8972999999999999
5484,-0.3854
2435,-0.0838
5750,-1.3207
6731,-0.3562499554234775
6039,-0.3557
726,-0.6364
1815,-0.6041
4949,-0.2343
615,-0.3039
1043,-1.0425
1606,-0.4831
4283,0.2262
2952,-0.0563
3481,-0.1321
2317,-0.187
3082,-0.0485
609,-1.3523
2623,-0.7031
4582,-0.058
4383,-0.6886
5039,0.1797
5324,-0.082
5197,-0.7642
846,-0.6546
5,-0.3562499554234775
4405,-0.2952
5813,-0.7693
992,-0.4984
1596,-0.4424
3110,-0.917
3042,-0.9992
5992,-1.0658
2527,0.3416
4335,0.1289
2499,-0.2797
5671,0.0508
2478,-0.9108
4535,-0.2526
6410,-0.0727
1743,-0.5488
4593,-0.4814
346,-0.1151
6641,-0.3276
6474,-1.6252
1196,-0.6598
3875,0.0076
2644,-0.3273
6772,-0.6412
4686,-0.4072
1936,-0.3991
3878,-0.0382
2621,0.1135
3422,-0.5358
1384,-0.6227
4331,-0.3863
6760,-0.8041
1142,-0.41
1529,-0.1379
5483,-0.045
1604,0.0746
4655,-0.1304
4193,0.1187999999999999
6349,-0.5415
4447,0.1311
3700,-0.2587
1826,-0.4947
4902,-0.256
4434,-1.3065
2460,-0.8922000000000001
5124,-0.1511
806,0.4523
6442,-0.5795
282,-0.1845
2502,-0.6397
2795,-0.2778
1072,-0.645
289,0.0348
4312,-0.274
2469,-0.2829
3738,-0.3871
6683,-0.1274
4190,0.0552
6764,-1.2829
5356,-3.807
1231,0.0548999999999999
2672,-0.8463
1216,-0.4587719762258563
638,-0.6541
3503,-0.3023
5847,-0.4859
4845,-0.3134
1023,-0.1369
566,-1.0001
4982,-0.5658
6789,-0.0055
4770,0.0306
787,-0.2595
6506,-0.2294
6326,-0.3058
1261,-0.0363
4080,-0.5349
2438,-0.5882
4914,-0.6722
3093,0.1127
4413,-0.0588999999999999
1079,-1.5272
5875,0.0798
1348,0.0276
165,-0.6367
3539,-0.0443
1190,-0.8313
3890,-0.1458
1543,-0.7152
4970,-0.8474999999999999
779,-0.2809
3127,-0.4864
2479,-0.4166999999999999
2580,-1.0091
5857,0.2032999999999999
1719,-0.4997
5505,-0.6375
4286,-0.6842
2228,-0.0657
285,-0.4461
5240,-0.2275999999999999
3989,0.1614
2862,-0.2877
575,0.5274
6538,-0.226
6655,-0.3562499554234775
3633,-0.3075
5001,-0.1288
6619,-0.3562499554234775
3815,-0.2189
2870,-0.7011
6292,-0.3112
6005,-0.613
5249,0.1767
5419,0.0067999999999999
4616,-1.1034
5453,-0.2415999999999999
1592,-0.5826
4079,-0.0498
182,-0.288
1607,-0.0578
6507,-0.0442
1364,-0.482
2567,-0.6858
6305,-0.4121
4832,0.2336999999999999
3392,-0.1095
3040,0.0494
4597,-0.3527
3502,-0.3456
6585,-0.1865
1342,-0.4438
5231,-0.4410999999999999
2816,-0.1023
4053,-0.3481
3734,-0.2771
5294,-1.2631
1816,-0.8760999999999999
879,-0.2557
989,0.1231
1552,-0.4587719762258563
963,-0.4656
95,-0.4806
1802,-0.703
4741,-0.305
789,-0.222
2282,-0.3967
745,-0.4901
4472,-0.1415
2595,-0.7954
6554,-0.2359
5149,-0.8979000000000001
507,0.1782
900,-0.7681
1990,-0.0463
3506,-0.0377
596,-0.3981
3793,-0.2949
730,-0.2157
300,-0.2044
6590,-0.1559
5343,-0.2766
4023,-0.1269
5138,-0.5241
602,-0.6886
5086,-1.4243
3186,-0.4321
1122,-0.1211
4940,-0.4629
4456,-0.1728
248,-1.0
4306,-0.2853
2333,-0.5023
1708,-0.3601
891,-1.313
458,-0.4692999999999999
1818,-0.3387
6626,0.3513
5719,-0.3895
5194,-0.1245
4618,0.1689
4089,-0.5303
4270,-0.0366
6344,-0.8656
2945,0.1372
3061,-0.0144
616,-0.1972
1175,-0.8339000000000001
4114,0.6842
3171,-0.6037
3540,-1.0375
6815,-0.0983
4488,-0.5254
6015,-0.6226
1916,-0.6872
5707,-0.1329
720,-0.4791999999999999
5663,-0.5727
323,-0.3557
1489,-0.4018
1601,-0.3562499554234775
6509,0.1995
1269,-0.0683
2575,0.0361
264,-0.4502
1070,-0.725
5918,-0.6464
1911,-0.4596999999999999
4415,-0.0531
3987,0.02
446,-0.5231
2324,-0.5326
1727,-0.8522000000000001
4487,-0.0745
2535,0.1001
249,-0.5973
3133,-0.6833
3718,0.1392
5881,0.0673
5183,-0.0566
6138,-0.3964
4258,-0.8233
2017,-0.3523
5904,-0.7599
1259,0.0328
5973,-0.5535
5751,-0.9719
6066,-0.1542
460,-0.4226
3639,-0.1469
1866,-0.3533
3140,-0.2981
3538,-0.3969
2777,-0.4173
2370,-0.7497
6014,-0.5274
1882,0.0848
5815,-1.0467
1466,-0.1479
4277,-0.4092
1498,-1.0534
3792,-0.3021
3405,-0.1616
5748,0.4378
5948,-0.4601
2185,-0.0015
1770,-0.1574
3658,-0.8690999999999999
2496,-0.9616
4381,-1.1324
2857,-0.6394
2139,0.1501
1520,-0.2971
51,-0.4253
5131,-1.1328
1191,-0.211
2213,-0.1278
4908,-0.1862
4416,-0.0072999999999999
6099,-0.2552
1345,-0.0412
3833,-0.1806
3143,0.0196
1886,-0.1837
5267,-0.3308
1747,-0.387
5722,-0.2997
5268,-0.5897
5628,-0.8154
461,-0.3092
3398,-0.338
2678,-1.085
1506,-0.1241
979,-0.1952
5172,0.1562
3753,0.0942
3589,-0.5477
2556,-0.2875
2761,0.0511
1656,-0.2138
4253,0.1941
206,-0.2271
571,-0.3238
647,-0.2334
4693,-0.7558
3424,-0.6598
903,-0.5515
5028,-0.4587719762258563
134,-0.358
2063,-0.1006
3209,-0.395
108,-0.5223
3045,-0.2088
2516,-0.8299999999999998
774,-0.2347
5963,-0.9157
5223,-0.7998
5196,-0.2806
2374,-0.4313
2697,-0.7491
2838,-0.8783999999999998
4919,-0.3557
2923,-0.2101
5315,-0.0926
3325,-0.0783
402,-0.2099
753,0.1666
1784,-1.1826
5772,0.0411
599,-0.7621
5016,-0.7939
1793,-0.1756
2100,-0.4707
7,-0.3562499554234775
2396,-0.3421
2177,-0.4448999999999999
2447,-0.1735
703,-0.3979
502,-0.4338
3719,-0.6435
3408,-0.43
1616,-0.3094
1400,-0.6138
4300,-0.3596
1024,-0.7989
6252,-0.6714
3573,-0.6676
1277,-0.2528
1531,0.1211
1402,-0.2342
1488,-0.8172
1545,-0.6766
294,-0.2434
1340,-0.1989
4799,0.2349
6456,0.2177
1002,-0.5562
3828,-0.3393
4015,-0.0888
3263,0.2175999999999999
6530,-0.3163
1290,-0.2099
4350,-0.1792
870,-0.1173999999999999
3867,-0.9179
935,-0.2311
9,-0.4767
3108,-0.6087
5544,-0.3198
4780,-0.0531
1199,-0.1362
4772,-0.42
3631,-1.076
2572,-0.6483
1540,-0.8123000000000001
702,-0.2526
255,-0.5247
581,-0.7262
1321,1.6079
6820,-0.1324
998,-0.9337
3457,-0.2521
3331,0.3387
1275,-0.2518
2850,-0.2448
1441,-0.32
2853,-0.0733
110,-0.8739000000000001
5136,-0.7488
2275,-0.6444
2191,-0.9495
576,-0.2157
6234,-0.3889
1711,-1.428
3992,0.7862
2864,-0.6921
905,-1.0041
4941,-0.2738
778,0.3343
3839,-0.0172
2219,-0.5546
5725,-0.3562499554234775
5246,-0.0349
2992,0.0318
2977,-0.3403
3050,0.1081
4672,-0.128
4168,-0.3816
2740,-0.6198
3708,-0.1776
633,-0.068
190,-0.4682
6557,-0.2147
1481,-0.5279
2698,-0.5681
2538,-0.4565
4379,0.1292
5608,-0.6078
419,-0.2925
2372,-0.6619
6265,-0.6516
1143,-0.5473
3090,-0.39
4828,-0.4452999999999999
5293,-0.3619
1206,-0.2012
20,-0.3274
3059,-0.0005
1519,-0.2111
1138,-0.0295
6019,-0.6217
2357,-0.4344
1693,-0.0134
6786,-0.0979
4395,-0.6199
5127,-0.1421
1539,-0.6787
5582,-0.6927
5999,-0.6271
3216,-0.6619
49,-0.1722
382,-0.0312
6781,-0.8089999999999999
3473,-0.1993
695,-0.0027
4208,-0.2592
6364,-0.4095
4251,0.0494
6827,0.1661
1573,-0.8961
5495,-0.4718
5931,-0.9567
5354,-0.4335
6037,-0.5587
1423,-0.2114999999999999
1706,-0.5662
4731,0.0426
2462,-0.7036
2365,-0.4314
5460,-1.0825
3202,-0.28
5655,-0.6982
3699,-0.5091
448,-0.5858
6444,-1.261
1620,-0.5824
2054,-0.4765
3446,-0.5801
6450,-1.1644
762,-0.4356
6272,-0.6221
4612,0.5369
2194,-0.4356
619,-0.3155
2327,-0.5214
545,-0.3129
3472,-0.0761
3505,-0.5074
672,-0.506
4378,-0.1388
5605,-0.3562499554234775
3768,0.3149
1769,-0.254
2831,-0.2098
4412,-0.3539
1197,-0.5783
1631,-0.3892
1102,-1.2065
2817,-0.11
459,-0.4326
2821,-0.7382
3091,0.1651
293,-0.6829
5829,0.0433
504,-0.4051
5050,-0.207
5510,-0.5751
6455,-0.8278000000000001
2682,-0.7799
807,-0.7276
6488,-0.4587719762258563
5629,0.2074999999999999
3678,-0.9395
1097,-0.535
2778,0.0296999999999999
1056,-1.3077
1525,-0.1026
5658,-1.3905
4760,-0.8625
2124,-0.6572
2802,-0.2934
1287,-0.0376
6604,-0.925
5865,-0.2486
1721,-0.5382
5224,-0.4587719762258563
1788,-0.8036
4615,-0.2794
3937,-2.2323
1723,-0.0898
3823,-0.3876
4669,-0.123
1715,-0.0494
2689,-0.3807
3916,0.205
3596,-0.4587719762258563
6061,-0.7975
5305,0.2139
3838,-0.3202
2692,-0.274
2699,-0.4365
6552,-0.211
2118,-0.5297
5878,-0.5964
1942,0.2901
849,-0.0054
756,-0.2754
4005,-0.159
5261,0.4048999999999999
3004,0.0111
488,-0.6955
259,-0.7223
1117,-0.1965
5621,-0.7448
719,-0.0798
930,-0.4938
2133,-0.0691
6045,-0.3562499554234775
4165,-0.1423
262,-0.5392
4423,-0.4048
4890,-0.8042999999999999
4789,0.4227
2647,-0.0306
4654,-0.0854
2630,-0.202
5000,-0.1153
4504,-0.6277
4399,-0.3471
3147,-0.8557
1905,-0.5625
5579,-0.0533
2448,-0.1147
3489,-1.128
373,0.0473
6612,-0.3194
1600,-0.4587719762258563
2039,-0.1565
220,-0.0025
3978,-0.6327
968,-0.5337
5150,-0.2419
625,-0.3876
2075,-0.0945
4687,-0.3001
4352,-0.8920999999999999
2254,-0.6054
3022,-0.3509
2112,-0.4389999999999999
4360,-0.2578
6261,-0.3799
3159,-0.043
3019,0.3571
4392,-0.7391
2721,-0.4427
4195,-0.682
107,-0.3681
679,-0.0691
6048,-0.3392
3731,0.2581
5363,0.0115
3780,-0.2484
292,-0.857
956,-0.727
5970,-0.8242
6322,-0.0619
2994,0.1296
167,-0.6765
6285,-0.5165
5438,-1.4621
6776,0.1222
4205,-0.5737
2812,0.0555
6771,0.1263
1666,-0.3819
479,-0.3835
1392,-0.5277
2232,0.0686
4992,-0.105
5980,-0.41
5071,-0.1477
2461,-0.5304
82,-0.8023
2045,-0.4476
6299,-0.8306000000000001
2705,0.4391
5561,-0.7126
3923,-1.1486
5320,-0.6993
6371,-0.8215999999999999
663,-0.7148
456,-1.0958
860,-0.7367
676,-0.5037
2927,-0.474
4243,0.2244
2650,-0.5988
6638,-0.2848
2387,-0.2934
5558,-0.7854
5228,-0.5088
5715,-0.7902
6329,-0.8455
2304,-0.3642
4855,-0.8211999999999999
4304,-0.3616
5611,-0.2252
1331,0.0651
3074,-0.059
18,-0.3701
3865,0.0062
2718,-0.2688
5893,-0.2352
3131,-0.6019
6702,0.0479
6483,0.1771
4104,-0.0343
2998,0.1317
924,-0.933
6312,-0.3101
4534,-0.1356
3511,-0.1196
6359,-0.3251
6831,-0.6494
1618,-0.659
3972,-0.8042
2659,-0.4458
1248,-0.1653
4095,-0.5375
5331,-0.6314
5022,-0.5423
1359,-0.2965
6279,-0.3149
5123,-0.1835
6680,0.0249
5899,-0.1962
3357,-0.1371
3866,0.3068
678,-0.2097
5769,-0.0356
1994,-0.07
1846,-0.7498
5273,-0.9822
4835,0.4683
1896,-0.4587719762258563
1739,0.1559
6229,-0.6636
6062,0.0796
3142,-0.1525
1017,-0.4405
4986,-0.4587719762258563
6809,-0.7497
5333,0.0351
3756,-0.5519
6314,0.2977
1640,-0.4311
3098,-0.6362
336,-0.1758
6722,-0.558
2455,-0.259
1709,-0.2904
1471,-0.3507
2550,-0.0113
3995,-0.1996
1341,0.3846
2204,-0.3155
1047,-0.3331
3787,-0.4429
5381,-0.3383
3067,0.0144
2242,-0.3719
5595,-0.745
3675,-1.5311
393,-0.417
792,-0.4897999999999999
2293,-0.5421
1861,-0.3486
6034,-0.5643
3884,-0.5387
6188,-0.2513
723,-0.4641
2739,0.0065
544,-0.3429
2260,-0.8884000000000001
5362,-0.9026
4638,-0.3715
5877,0.043
6645,-0.469
6505,-0.3562499554234775
4528,-0.1854
2018,-0.8741
4921,-0.6627
5826,-0.4159
265,-1.2294
4977,0.0868
193,-0.2637
4744,-0.1979
3081,0.0255
13,-0.1079
6799,-0.4265
5886,-0.0561
4382,-0.2242
991,-0.572
4068,-0.3434
5025,-0.2656
907,0.1085
6778,-0.109
5538,-0.638
5070,-0.541
3177,-0.0251
3302,-0.5786
85,-0.6378
1629,0.0293
932,0.0504
710,-0.6748
4062,-0.5676
6053,0.3455
4355,-0.3877
415,-0.8764
222,-0.4217000000000001
3137,0.1519
1058,-0.5056
3652,-0.4061
3058,-0.289
3716,-0.0355
5539,-0.3296
6070,-0.5622
6523,-0.1519
273,-0.7512
5344,-0.4587719762258563
940,-0.2739
2206,-0.6315
4592,-0.5132
5742,-0.6936
4815,-0.1832
5051,-0.5881
3623,-0.751
5903,0.0959
254,-0.9243
742,-0.1261
2873,0.0104
1918,-0.0543999999999999
4775,-0.0602
423,-0.193
4820,-0.5782
6383,-0.8351
3881,-0.2381
1847,-0.7311
6635,-0.198
4611,-0.4037
6268,-0.1768
3767,-0.1418
6817,0.067
6466,0.7303
2570,-0.7746
2430,-0.8954000000000001
2981,-0.3219
5603,-0.6902
1414,-1.059
4567,-0.4508
5975,-0.5013
2035,-0.2603
5986,-0.2364
2564,-0.0695
3212,-0.5311
288,-1.3581
4091,-0.254
3185,-0.3454
3766,-0.2058
2176,-0.5563
5731,-1.0889
5227,-0.7
2297,-0.4199
5816,-0.3199
1593,-0.1407
4909,0.0208
2261,-0.7554
3262,0.1793
2523,-0.0219
3558,-0.7037
147,-0.7963
4716,-0.978
2893,-0.0621
977,-0.3376
5165,-1.8464
3580,-0.4612
6251,-0.4755
882,-0.3974
2907,-0.3562499554234775
2313,-0.3812
5077,-1.7757
578,-0.7362
1490,-1.3031
2032,0.0256
5193,-0.9753
3322,-0.1441
3349,-0.1589
5100,-0.9428
6744,0.0254
1438,-0.782
5115,-1.1
2132,-0.2899
6298,-1.3393
6336,-0.7575
418,-0.0150999999999999
4635,0.1245
1935,-1.0539
2935,0.0932
1227,-0.7986
722,-0.5407
4705,-0.1645
2334,-0.2701
5675,-0.2887
2247,0.0267
2199,-0.0332
3492,-0.6828
5762,-0.4161
3437,-0.1025
3009,-0.1544
2066,-0.566
1562,-0.6981
5448,-0.2254
3253,-0.6977
1245,-0.1709
6736,-1.0282
6743,-0.384
5090,-0.5277
4141,-0.2235999999999999
2729,-0.8078
2150,-0.4957
6345,0.2624
5746,-0.9305
827,-0.5496
4084,-0.2507
1379,-0.3472
1524,-0.2633
6773,-0.9283
2504,-0.5478
1194,-0.6426
6366,-0.2175999999999999
1242,-0.1724
6090,-0.1843
1890,0.2056
5007,-0.3906
1354,0.1137999999999999
2687,-0.7054
4109,-0.0966
4174,0.1528
3854,-1.1195
351,-0.002
2997,-0.0058
873,-0.0713
46,-0.9644
3255,-0.6998
1241,-0.5986
1979,-0.3526
3822,-0.6206
236,-0.1642
2956,-0.581
4696,0.0294
685,-0.5021
1695,-0.373
5469,-0.0192
4896,-0.4299
5741,-0.3008
2014,-0.0692
3346,-0.5303
3188,-0.707
315,-0.4122
2578,-0.2731
2811,0.0015
4332,-0.4587719762258563
6391,-0.5514
4029,-0.5779
6021,-0.2065999999999999
6464,0.075
126,-0.1201
3344,-0.4699
2003,-0.4748
1160,-0.6826
2198,-0.916
3582,-0.0659
3723,-0.109
4955,-0.3623
4044,-0.7813
1236,-0.78
3199,-0.2125
2044,-0.1
2474,-0.2835
3893,-0.3987
5534,-0.4050000000000001
543,-0.1338
6400,-0.576
6652,-0.7885
3668,-1.1249
3777,-0.0497
2058,-0.7871
923,-0.0825
6674,-0.5032
6528,-0.2492
270,-0.7236
6294,-0.2677
1864,-0.7169
2146,0.2213999999999999
5570,-0.5873
6451,0.3186
5531,-0.6651
5792,-0.681
3932,-0.3745
4028,-0.8088
6653,-0.2274999999999999
4445,0.0853
4495,-0.1026999999999999
1155,0.0265
5828,-0.4128999999999999
432,-0.4205
3453,0.093
4394,-1.0154
976,-0.3044
5752,-0.5395
5074,-0.3475
6338,-0.0082
4849,0.1543
765,0.0846
3432,-0.4553
3991,-0.3862
1877,-0.744
5116,-0.6895
1326,-0.6523
990,-0.18
6276,-0.7583
4324,-0.5449
4630,-0.1885
3319,-0.3005
375,-0.7199
1859,-0.397
3379,-0.1401
3946,-0.3088
5894,-0.4913999999999999
812,-0.2577
132,-0.2783
2342,-0.7546
5657,-0.7656
1410,-0.6495
233,-0.6944
6707,-0.1773
6616,-0.6804
2916,-0.2944
2737,-0.1749
3206,0.184
3997,-0.095
3079,-0.0094
2497,-0.3993
5919,-0.7566
5434,-0.7557
5716,-0.4346
5426,-0.7264
5645,-0.6378
1080,-0.8288
1164,-1.2739
734,-0.6967
6452,-0.8507999999999999
6795,-0.3888
3935,-0.3562499554234775
356,-0.0921
5011,0.1907
1152,-0.1815
5775,-0.599
5788,0.124
5271,-0.43
6417,-0.7585
6740,-0.8522000000000001
3957,-0.3991
2914,-0.0917
3682,-0.8245000000000001
985,-0.8274000000000001
3900,-0.3398
6454,-1.0345
3057,-0.382
3835,0.2399
2666,-0.4332
5173,-0.528
4059,-0.1336
2891,-0.3562499554234775
1509,-0.1019
5515,-0.7252
6092,-0.3491
5951,-0.7209
37,-0.661
5991,-0.1153
1139,-0.1045
1504,-0.4038
3051,0.0663
4152,0.0152
180,-1.3102
104,-0.5167
477,-0.3918
1741,-0.345
4851,-0.1653
2524,-1.1435
4589,-0.1757
4299,-0.025
6495,-0.4989
6741,0.5993
3496,-0.4265
3706,-0.1153999999999999
2492,-0.8690999999999999
1809,-0.7092
5633,-0.3878
1029,-0.2663
4438,-0.5239
3508,-0.4153
2259,-0.7256
3826,-0.0313
2130,-0.4628
5254,-0.416
3467,-0.3369
2174,-0.7294
5095,-0.8844
3029,-0.0123
3973,-0.1736
2433,-0.6354
5359,0.1217
6833,0.3892
3118,-0.8644999999999999
3163,-0.227
2241,-0.4181
62,-0.6328
6498,0.1335
436,-1.1922
1113,-0.2951
2212,-0.7423
4842,-0.7038
2662,0.4401
1134,-0.5296
4373,-0.9641
4116,-0.2526
5921,-0.8751999999999999
4786,-0.0859
888,-0.3821
5606,-0.4882000000000001
646,-0.2874
5974,-1.0368
1006,-1.2404
3903,-1.0583
3976,-0.4657999999999999
1371,-0.1806
4574,-0.1385
5581,-0.5245
4133,-0.3723
3553,-0.5721
2189,-0.0643
5125,-0.7352
5326,-0.5622
464,-0.4426
2559,-0.2977
56,-0.383
2016,0.0096
6047,-0.1352
1744,-0.8468
632,-0.7443
6592,-0.7891
5962,-0.8875
6058,-0.2551
6379,-0.183
594,-1.0877
4316,-0.6354
824,-0.3618
207,-0.6513
5546,-0.6641
1228,-0.6825
388,-0.1972
316,-0.8063
6750,-1.4741
3598,0.1647
2091,-0.6936
3746,-0.1454
6134,-0.1146
4188,-0.5461
6596,-0.4286
4734,-0.2971
6348,-0.5808
6211,-0.2324
2643,-0.1089
4640,0.0385
5477,-0.7523
771,-0.8758000000000001
5831,-0.7918
3181,-0.2037
6535,-0.3962
3550,-0.6627
1766,-0.5967
3024,-0.5535
2746,-0.4194
2973,-0.1152
5784,-0.6146
3222,-0.5885
4372,-1.1197
208,-0.9179
4632,0.0508
1679,-0.3658
272,-0.9974
2749,-0.011
5514,-0.677
2049,-0.0603999999999999
3601,-0.6175
3577,-0.0516
5208,-0.0706
3493,-0.507
304,-0.5028
4466,-0.4306
1702,-0.8388
4108,-0.077
3654,-0.8267
1738,-0.0645
934,-0.0944
2713,-0.1713
1949,-0.598
4646,-0.5467
3653,-0.3011
6545,-0.4321
2256,-0.4465
4248,-0.4587719762258563
3191,0.1231
1467,-0.2949
5811,-1.3131
5623,-0.0408
2289,-0.8934999999999998
4323,-0.6827
1286,-0.1469
4714,-1.9017
2586,-0.7847
1516,-0.4455
4533,0.0207
1901,-0.6984
3176,0.0408
2473,-0.3362
2454,-0.4686
3268,-0.0819
5215,-0.6715
1701,-0.0786
6190,-0.2789
5787,-0.3749
2319,-0.3211
5370,-0.5407
3703,-0.0181
3436,-0.5686
2326,-0.389
5480,-0.5598
3776,-0.2209
2665,-0.526
5547,-0.6952
1687,-0.2958
4130,0.1497
4834,-0.0332
1595,-0.2622
6808,-0.8257999999999999
871,-0.0107
6115,-0.7515
6543,-0.0782
1162,-0.6193
865,-0.5295
4404,-0.2576
5069,-0.273
3772,-0.1969
1198,-0.1488
2246,-0.4418
6001,-0.3327
210,-0.567
501,-0.33
1233,-0.3343
263,-0.5448
2815,-0.7008
732,-0.3602
5609,-0.7391
308,-0.0978
5059,-0.4591999999999999
6717,-0.2473
409,-0.042
5500,-0.5438
5260,-0.1224
5120,-0.6466
4626,-0.4717
3258,-0.9277999999999998
5404,-0.9367
5099,-1.2845
2077,-0.298
5307,-0.3565
2098,-0.4587719762258563
257,-0.156
6060,-0.5009
3426,-0.5035
3709,-0.1485
5364,-1.1748
312,-0.3148
727,-0.4694
1892,-0.0398
5304,-1.4687
6628,-0.2841
6802,-0.446
3602,-0.4447
3993,0.1068
3743,-0.0473
1391,-0.0148
4245,0.2466
5701,-0.2034999999999999
3482,-0.4726
6578,-0.5088
38,-0.1346
5982,-0.5723
3527,-0.3748
2382,-0.2482
1446,-0.3146
4713,-0.7688
4131,0.5564
4451,0.062
3617,-0.9834
6639,0.2652
3713,-0.4208999999999999
4952,-0.6033
4374,-0.561
5834,-0.4637
2848,-0.352
6202,-0.4189999999999999
2156,-0.1004
4406,-0.7978
6177,-0.0766
1940,-0.4816
5441,-0.6785
2836,-0.1496
3612,-0.7563
5390,-0.9948
52,-0.8527000000000001
3451,-1.1097
820,-0.2999
2348,-0.6298
1982,-0.8109
6575,-0.2472
2884,-0.9056999999999998
6020,-0.4864
3463,-0.2857
3599,-0.5514
751,-0.7604
1778,-0.8097
4761,-0.6338
4110,0.2076
1671,-0.3002
5618,-0.6209
6076,-0.182
2052,-0.2699
4893,-0.7416
3858,-0.4458
2143,-0.283
4139,-0.6383
2784,-0.2181
2703,-0.7217
3486,-0.3771
5298,-1.3101
3097,-0.4229999999999999
3619,-0.0466
4296,-1.0357
2392,-0.5576
1230,-0.2939
4526,0.3607
896,-0.6963
4093,0.0727
707,-0.1346
3197,-0.25
1327,0.1137
5101,-0.3482
1256,-0.3692
4041,-0.9616
268,-0.6337
6691,-0.1824
2683,-0.3513
4833,0.0086
4801,-0.1589
4119,-1.7777
4353,-0.483
6819,-0.4705
4493,-0.0301999999999999
3172,-0.4248999999999999
334,-0.3393
3728,-0.4977999999999999
3273,-0.7841
2576,0.2221
4858,-0.4450999999999999
4628,-0.8030000000000002
6210,-0.2876
5492,-0.3628
212,-1.1699
1652,-1.0793
3918,-0.8454
6667,-0.1265
6676,-0.445
2108,-0.6248
3581,-0.4013
4636,-0.5463
1941,-0.8551
5550,-0.7692
674,-0.8324999999999999
339,-0.5619
733,-0.4311
4519,-0.2665
2315,-0.4479
3821,0.1743
1975,-0.8347999999999999
160,-0.6853
5412,-0.5088
6071,-0.066
1154,-0.2787
2117,-0.7719
2240,-0.4692999999999999
1912,-0.7945
3934,-0.4587719762258563
754,-0.5373
1736,-0.6442
4442,-0.4553
4774,-0.3912
6220,-0.3253
4034,-0.2877
5866,-0.0496
1995,-1.0531
4557,0.1586
1183,-1.1224
57,0.0474
6270,-0.2964
5494,-0.288
4477,0.0329
4818,-0.5977
5199,-0.4128
5953,-0.2002
3808,-0.2488
4685,-0.2862
6816,-0.279
4503,-0.5863
3396,-0.3188
1817,-1.0667
4398,-0.6376
1774,-0.3845
410,-0.817
4530,0.1882
3914,-0.7484
845,-0.3287
3850,-1.0095
2866,-0.3343
975,-0.2757
2111,-0.1671
4388,-0.7053
1409,0.0535
144,-0.3107
3434,-0.5172
508,-0.2915
6438,-0.6749
4614,-0.6009
1836,-0.8885
3274,0.264
6682,-0.4311
3327,-0.2185
6006,-0.9006000000000001
1449,-0.9434
2484,-0.3757
6419,-1.0522
1293,0.2873
6358,-0.8187
3584,-1.2705
4424,-0.3741
4246,-0.5757
2609,-0.1723
6286,-0.2173999999999999
2859,-0.0805
652,-0.5946
2843,-0.2524
4739,-0.8486
3403,-0.3031
3387,-0.0624
5537,-0.3649
6171,-0.0796
2783,-0.0853
2190,-1.3214
5553,-0.9114
5397,-0.646
6337,-0.5253
3525,-0.2141
5449,-0.3677
6116,-0.6796
2057,-0.0674
1328,-0.6005
3277,-0.292
3439,-0.6662
4983,-0.1233
2218,-0.6331
1917,-0.7137
3409,-0.3324
5035,0.3097
519,0.0132
5288,-0.5838
5395,-0.0797
1022,-0.1662
400,-0.8145
3007,-0.1668
5600,-0.5213
4622,-0.4742
6588,0.0856
3310,-0.2712
1870,0.2141
1874,-0.2783
801,-0.4721
213,-0.6457
3294,0.0143
2568,-0.4889
793,-0.0885
5112,-0.0273
252,-0.6843
3276,-0.4330999999999999
3705,-0.2698
1426,-0.3894
1800,-0.2175999999999999
2353,-0.1423
3345,-0.4992
954,-0.734
6460,-0.3961
1020,-0.3088
3041,0.2009
6354,-0.575
5856,-0.3687
4118,-1.2145
6830,-0.7374
828,-0.3539
4681,-0.0771
3261,-0.1211
5632,-0.6863
1853,-0.7428
492,-0.0405
1821,-0.2246999999999999
5037,0.044
4294,-0.5735
1431,-1.5907
4370,-1.0853
3305,-0.7776
5760,-0.1072
1452,-0.4208999999999999
5140,-0.1282
6074,-0.2586
3195,-0.8459999999999999
1746,-0.8817999999999999
6517,-0.0962
1694,0.4702
4882,1.0954
1081,-0.4558
131,-0.4595000000000001
1950,-0.7958
6761,-0.9182
3068,0.0911
1897,-0.3562499554234775
5796,0.0875
929,-0.0522
1333,0.2331
6380,0.2567
3015,0.1451
5163,-0.5723
4200,-0.2129
4096,-1.1224
4222,-0.95
5244,-0.2107
6170,-0.2802
809,-0.2488999999999999
416,-0.5371
3464,-0.551
4651,-0.2056
5503,-0.213
474,-0.4951
4266,-0.873
527,-0.9814
6214,-0.4968
3549,-0.615
1976,0.1072999999999999
2427,-0.6099
4586,-0.1161
1951,-0.9051
3788,-0.7226
6768,0.2234999999999999
5122,-0.2284
6216,-0.3465
1686,-1.0576
1330,-0.203
2614,-0.0867
3830,0.0526
1855,-0.2805
6511,-0.6986
3335,-0.0442
469,-0.3654
3798,-0.432
1406,-0.1368
4086,-0.5085
841,-0.6405
1512,-0.62
3494,0.1767
5958,0.3676
2494,-1.0186
5869,0.2967
47,-0.8807
5374,-1.1811
6046,-0.2147999999999999
2872,-0.0143
6718,-0.6703
1015,-0.0223
3636,-0.1142
1914,-0.7184
3317,-0.6938
612,-0.2532
4682,-0.4511
1602,0.0447
5284,-0.6064
3324,0.3772
3355,-0.4981999999999999
3210,-1.1644
2033,-0.0502
4036,-1.0182
2209,-0.6854
3965,-1.1066
1335,-0.6011
914,-0.6482
4078,-0.3706
1186,-0.806
1189,-0.4425
557,-0.6529
2329,-0.4288999999999999
6029,-0.084
5277,-0.5388
6615,0.3849
2681,-0.4822
1213,-1.4219
6521,-0.4843
5700,-0.4638
305,-0.3998
2532,-0.7213
4566,-0.2693
2295,-0.3007
1283,0.0638
4823,-0.6154
621,0.2953
2380,-0.0821
3710,-0.0964
2646,-0.5599
1717,-0.8472
2833,-0.7793
76,-0.3954
5218,-0.2415
5276,-0.6404
4591,-0.0999
4402,-0.3559
5705,-1.1812
1703,-0.4062
3430,-0.9764000000000002
3423,-0.2118
6325,-0.2199
392,-0.1611
324,-0.1285
6704,-0.2519
6822,-0.6655
6558,-0.4974
2545,-0.7062
1376,-0.6029
6606,-0.3342
5048,-0.2893
2543,-0.081
2225,-0.4766
4006,0.3119
2163,-0.3518
795,-0.2976
3948,0.0266
1542,-0.535
3213,0.1548
5959,-0.5561
3318,-0.1964
3096,-0.7384
965,-0.4741000000000001
3447,-0.3799
6313,0.231
3615,-0.8474
2693,-0.0164
4408,-0.4204
5107,-0.2133999999999999
2806,-0.2852
1295,-0.081
3249,-0.2126999999999999
3802,-0.2989
2223,-0.2274
2354,-0.6486
1765,-0.4778
3460,-0.5638
6624,-0.7366
218,-0.2521
4136,-0.5745
4002,-0.2417999999999999
2298,-0.4718999999999999
6127,-0.1427
5236,0.3502
3394,-0.3989
6701,-0.5327
2397,0.2445
350,-0.4828
2937,-0.0885
462,-0.574
974,-0.0822
1827,0.1902
983,-0.474
149,-0.1927
6457,0.0849
2771,0.1648
993,-0.5443
1430,-1.7121
4796,0.0319
4322,-0.2387999999999999
2588,-0.5116
5345,-0.3562499554234775
6470,0.5084
4289,-1.0458
4417,-0.7041
5799,-0.7109
3789,-0.2077
5188,-0.4715
1581,-0.3298
2159,-0.2395
6793,-1.3799
1643,0.0772
1220,-0.6749
4339,-0.885
1579,-0.6178
4848,-0.114
3683,-0.9994
1271,0.0977
2561,-0.6773
6050,-0.4993
6372,-0.0225
3375,-0.1552
1681,-0.6046
3401,-0.0954
4240,-0.0444
593,-0.671
1553,-0.3562499554234775
3795,0.126
6293,-0.7646
6627,-0.159
3247,0.3106
4677,-0.4119
2716,-0.3031
99,-0.5641
692,-0.2649
1582,-0.1136
2023,-0.6797
6022,-0.4587719762258563
1289,0.139
5891,0.0759
437,-0.8171000000000002
3726,-0.2436999999999999
306,-1.0122
2480,-0.6452
2055,-0.3298
2451,-0.5957
1684,-0.332
4946,-0.5689
4512,0.039
1910,-0.1597
3630,-0.8275
4012,-0.9889
3994,-0.5241
6465,-0.9575
1704,-0.5762
2832,-0.203
826,-0.4328
2515,-1.0557
3351,0.0192
1725,0.1185
3714,-0.6428
3938,-0.513
1768,-0.7262
347,-0.0918
1667,-0.2833
3974,0.0831
3117,0.0305
4678,-0.3472
4974,-0.386
5564,-0.8599
1355,0.2183
910,-1.0208
6237,-0.5061
6067,-0.2072999999999999
3664,-0.5882
3609,-0.4064
4599,-0.3541
3513,-0.3465
5472,-0.8763
854,-0.4587719762258563
6232,-0.465
4873,-0.5291
1699,-0.4134
3043,0.0987
3781,-0.1295
5457,0.0145
5542,-0.6001
531,-0.4123
536,-0.1312
6692,-0.5205
3204,-0.8379
1074,-0.5972
6004,-0.0208
4785,-0.1773
3044,-0.9716
2594,-0.9388
195,-0.2585
3377,-0.082
1307,-0.4846
554,-0.3256
5511,-0.2315999999999999
3296,-0.344
5379,0.17
4932,-0.9497
4950,-0.4055000000000001
4209,0.2689
3516,-0.0964
3311,-0.4031
6560,-0.5983
3011,-0.383
1211,-0.2226
5433,0.392
577,-0.1171
4784,0.1578
872,-0.5678
1320,-0.6701
3610,0.0654
318,-0.0721
3952,-0.7865
1883,-0.1682
5580,-0.7408
4903,-0.1083
3107,0.1039
1273,-0.4629999999999999
3245,-0.5361
1372,-0.257
804,0.1465
3161,-0.5142
6699,-0.3562499554234775
101,-0.4162
775,0.0291999999999999
3604,-0.7589
4073,-0.8261
604,-0.3282
926,-0.1432
1135,-0.9171
1810,-0.6257
4074,-0.2367
3827,-0.1682
4990,-0.3593
5652,-0.4134
4755,0.0391
3411,-0.0392
2801,-0.0835
5737,-0.7939
5243,-0.175
5548,-0.9245
5872,-0.2606
6826,-0.2398
2785,-0.0687
5556,-0.6849
5555,-0.9185
333,-0.233
5186,-0.4194
6485,0.056
627,-0.3247
4486,-0.0606
5164,-0.9012
